225	
170	
179	
111	
205	
159	
206	
205	
198	
176	
164	
161	
164	
184	
163	
160	
158	
175	
208	
231	
159	
180	
171	
220	
197	
191	
162	
161	
184	
164	
255	
202	
245	
159	
190	
158	
181	
200	
173	
191	
165	
162	
185	
156	
225	
219	
187	
184	
181	
183	
220	
178	
173	
187	
119	
116	
239	
219	
327	
168	
165	
188	
148	
163	
159	
183	
180	
163	
119	
159	
187	
158	
235	
171	
168	
199	
181	
158	
178	
167	
181	
177	
173	
121	
171	
163	
281	
176	
312	
184	
166	
178	
165	
148	
157	
157	
266	
217	
179	
208	
200	
191	
173	
215	
199	
195	
199	
187	
215	
169	
179	
160	
165	
136	
464	
1222	
186	
176	
358	
171	
250	
188	
191	
267	
162	
165	
187	
167	
208	
176	
185	
213	
272	
172	
194	
217	
167	
183	
164	
384	
117	
146	
152	
160	
182	
181	
218	
164	
169	
170	
169	
114	
192	
160	
161	
184	
196	
314	
197	
184	
158	
185	
186	
183	
176	
174	
177	
181	
192	
256	
197	
195	
190	
197	
185	
176	
193	
187	
178	
258	
171	
169	
145	
221	
189	
1227	
167	
226	
172	
293	
166	
195	
188	
181	
190	
152	
378	
170	
166	
149	
205	
180	
189	
169	
175	
169	
233	
194	
115	
219	
201	
180	
187	
173	
173	
201	
192	
151	
165	
182	
176	
121	
114	
215	
194	
276	
170	
239	
167	
183	
156	
168	
184	
183	
170	
124	
117	
167	
205	
195	
178	
177	
203	
167	
176	
188	
174	
199	
327	
203	
222	
298	
171	
151	
188	
165	
192	
172	
179	
176	
163	
149	
221	
159	
298	
174	
170	
165	
161	
162	
180	
178	
112	
166	
188	
183	
177	
247	
200	
150	
182	
194	
200	
183	
170	
115	
175	
167	
223	
199	
274	
171	
168	
185	
138	
208	
142	
182	
124	
115	
163	
166	
163	
171	
233	
174	
278	
200	
181	
115	
187	
194	
152	
193	
231	
273	
186	
170	
165	
155	
163	
162	
174	
163	
166	
162	
209	
210	
394	
173	
210	
164	
176	
178	
213	
184	
226	
216	
248	
172	
176	
168	
147	
165	
185	
171	
175	
205	
145	
300	
222	
265	
198	
216	
186	
183	
165	
165	
193	
182	
181	
185	
182	
182	
198	
192	
398	
160	
183	
185	
166	
164	
195	
178	
268	
172	
173	
165	
144	
165	
178	
182	
157	
180	
114	
111	
210	
166	
186	
228	
201	
292	
199	
197	
185	
183	
219	
185	
181	
1318	
152	
260	
225	
292	
176	
166	
167	
187	
183	
183	
168	
175	
187	
181	
191	
174	
179	
173	
168	
202	
160	
163	
178	
124	
185	
200	
167	
201	
176	
199	
186	
186	
223	
184	
161	
140	
291	
169	
166	
255	
172	
175	
238	
204	
157	
138	
192	
166	
161	
186	
181	
1126	
165	
223	
233	
201	
388	
177	
173	
119	
175	
205	
186	
160	
232	
175	
295	
174	
176	
185	
161	
164	
130	
115	
176	
168	
182	
183	
201	
262	
211	
196	
188	
187	
167	
170	
185	
163	
166	
188	
196	
186	
174	
196	
228	
145	
185	
194	
180	
181	
173	
207	
187	
177	
208	
176	
173	
166	
140	
183	
168	
232	
215	
168	
186	
176	
164	
190	
195	
175	
156	
181	
214	
175	
178	
187	
184	
181	
219	
162	
323	
170	
157	
187	
161	
147	
181	
169	
183	
187	
211	
203	
265	
175	
171	
164	
164	
164	
156	
195	
193	
112	
218	
139	
205	
161	
232	
173	
167	
124	
187	
113	
1208	
187	
219	
172	
294	
176	
172	
165	
171	
184	
164	
168	
178	
173	
163	
176	
174	
183	
196	
165	
157	
180	
167	
182	
183	
186	
182	
1209	
136	
133	
189	
154	
127	
183	
121	
152	
134	
198	
147	
185	
161	
165	
183	
181	
190	
125	
164	
215	
156	
192	
190	
204	
172	
184	
227	
172	
128	
198	
224	
172	
171	
164	
177	
169	
172	
175	
159	
159	
110	
109	
113	
109	
108	
161	
172	
159	
159	
156	
178	
162	
114	
3551	
162	
160	
165	
186	
181	
207	
172	
221	
5100	
175	
170	
1926	
168	
168	
118	
120	
116	
114	
113	
183	
177	
114	
120	
115	
161	
276	
779	
202	
204	
197	
162	
295	
155	
131	
124	
125	
238	
131	
125	
373	
188	
1527	
165	
134	
177	
398	
197	
169	
147	
159	
185	
158	
197	
172	
174	
152	
180	
123	
176	
135	
123	
180	
134	
176	
166	
160	
156	
176	
183	
142	
175	
162	
151	
162	
183	
162	
189	
178	
206	
226	
177	
290	
121	
131	
188	
185	
198	
168	
166	
220	
123	
356	
120	
167	
136	
188	
150	
135	
198	
180	
198	
113	
112	
165	
137	
131	
202	
167	
150	
169	
157	
147	
139	
152	
161	
118	
109	
147	
134	
171	
167	
279	
148	
153	
159	
169	
167	
175	
183	
121	
152	
234	
209	
196	
185	
165	
191	
133	
136	
172	
177	
197	
136	
209	
200	
234	
170	
151	
146	
134	
168	
183	
163	
165	
177	
178	
174	
301	
175	
173	
144	
136	
136	
149	
181	
152	
203	
176	
174	
152	
179	
157	
168	
123	
184	
176	
286	
171	
174	
165	
164	
180	
182	
180	
165	
127	
113	
112	
235	
176	
286	
176	
173	
187	
196	
165	
184	
162	
167	
223	
188	
180	
159	
215	
202	
238	
190	
177	
176	
1420	
188	
183	
204	
198	
308	
185	
174	
183	
142	
176	
187	
162	
263	
189	
163	
348	
329	
171	
171	
189	
169	
182	
185	
152	
203	
174	
240	
174	
180	
181	
161	
161	
180	
235	
118	
113	
172	
188	
178	
176	
254	
173	
174	
163	
179	
176	
134	
145	
198	
177	
301	
172	
181	
187	
201	
139	
160	
191	
168	
176	
209	
176	
243	
197	
179	
177	
180	
162	
173	
187	
171	
177	
183	
162	
181	
188	
199	
299	
172	
172	
188	
230	
188	
180	
179	
122	
186	
186	
161	
216	
202	
247	
200	
197	
195	
178	
180	
143	
164	
115	
162	
213	
201	
266	
176	
172	
161	
194	
191	
170	
188	
233	
171	
254	
171	
172	
162	
185	
266	
184	
163	
183	
176	
193	
209	
183	
213	
176	
168	
164	
189	
140	
112	
112	
118	
190	
170	
189	
176	
198	
164	
160	
203	
176	
207	
239	
170	
256	
225	
168	
140	
181	
165	
186	
164	
217	
180	
190	
208	
168	
207	
179	
342	
171	
172	
189	
360	
211	
184	
167	
174	
177	
168	
171	
195	
187	
189	
182	
215	
124	
1272	
168	
180	
175	
181	
185	
164	
168	
188	
170	
223	
193	
343	
183	
188	
209	
179	
346	
221	
171	
166	
148	
190	
183	
122	
207	
174	
190	
184	
190	
209	
157	
324	
171	
176	
177	
179	
199	
182	
173	
163	
163	
258	
174	
181	
171	
168	
214	
167	
124	
188	
233	
181	
210	
178	
199	
160	
189	
169	
188	
121	
185	
124	
166	
183	
235	
198	
280	
162	
175	
282	
190	
185	
189	
178	
321	
197	
178	
190	
186	
195	
167	
142	
294	
174	
304	
174	
174	
166	
183	
153	
183	
186	
168	
228	
184	
188	
175	
178	
164	
189	
189	
192	
164	
190	
167	
185	
188	
194	
239	
318	
153	
197	
207	
158	
165	
157	
181	
120	
114	
192	
187	
185	
185	
273	
190	
292	
234	
171	
217	
167	
184	
172	
234	
169	
181	
203	
191	
199	
206	
173	
168	
169	
188	
207	
185	
196	
166	
184	
165	
183	
168	
163	
180	
326	
117	
114	
167	
190	
227	
175	
352	
178	
194	
189	
185	
184	
171	
171	
233	
152	
225	
321	
202	
179	
166	
261	
275	
210	
169	
247	
176	
250	
188	
200	
167	
140	
169	
165	
194	
145	
168	
222	
156	
172	
167	
183	
175	
247	
176	
200	
173	
168	
172	
118	
112	
122	
188	
188	
186	
279	
171	
198	
189	
182	
184	
150	
185	
179	
162	
168	
184	
209	
198	
276	
175	
241	
175	
116	
113	
117	
189	
208	
180	
366	
168	
170	
177	
166	
185	
182	
220	
114	
171	
191	
166	
158	
181	
329	
176	
285	
222	
174	
158	
161	
122	
162	
165	
294	
176	
266	
173	
176	
157	
152	
193	
165	
165	
223	
175	
290	
173	
168	
197	
187	
192	
199	
179	
193	
211	
168	
188	
213	
187	
235	
201	
168	
178	
186	
162	
138	
188	
182	
211	
180	
275	
164	
243	
149	
186	
187	
117	
112	
214	
204	
344	
168	
198	
189	
165	
184	
192	
185	
144	
187	
119	
1178	
167	
273	
158	
216	
211	
202	
200	
212	
228	
179	
162	
183	
117	
1197	
188	
166	
182	
238	
190	
292	
173	
180	
186	
190	
170	
186	
151	
211	
182	
220	
198	
234	
186	
230	
151	
163	
184	
183	
168	
265	
175	
152	
186	
182	
180	
117	
115	
168	
207	
175	
199	
190	
173	
172	
164	
169	
185	
181	
183	
179	
177	
176	
204	
240	
209	
176	
197	
157	
128	
161	
227	
168	
192	
179	
191	
179	
175	
190	
191	
206	
145	
258	
180	
177	
170	
163	
157	
150	
205	
181	
252	
134	
124	
168	
189	
183	
186	
165	
229	
171	
204	
175	
242	
244	
182	
168	
182	
227	
202	
285	
154	
205	
177	
200	
176	
168	
141	
202	
175	
175	
177	
169	
165	
176	
165	
141	
124	
116	
116	
187	
140	
188	
178	
190	
196	
267	
172	
180	
179	
153	
169	
184	
186	
167	
203	
195	
170	
150	
239	
168	
180	
185	
202	
165	
187	
177	
168	
186	
192	
179	
358	
174	
154	
167	
164	
182	
187	
188	
166	
170	
180	
188	
178	
145	
202	
189	
178	
152	
193	
163	
178	
166	
264	
200	
197	
176	
176	
182	
192	
169	
191	
186	
173	
232	
330	
177	
172	
172	
155	
200	
188	
184	
183	
182	
179	
180	
176	
163	
187	
177	
299	
200	
176	
154	
188	
158	
174	
191	
170	
171	
142	
157	
186	
170	
179	
209	
211	
177	
171	
165	
193	
207	
114	
159	
191	
201	
413	
201	
170	
184	
190	
184	
185	
188	
186	
116	
126	
166	
156	
177	
269	
170	
215	
200	
168	
187	
162	
182	
179	
179	
201	
177	
333	
215	
212	
187	
169	
191	
172	
179	
185	
174	
400	
198	
209	
185	
192	
198	
142	
155	
176	
172	
168	
187	
196	
178	
305	
173	
174	
159	
147	
163	
162	
178	
119	
114	
189	
233	
164	
160	
196	
245	
203	
294	
173	
170	
186	
174	
124	
1193	
166	
240	
172	
300	
172	
197	
174	
163	
168	
179	
186	
173	
177	
200	
177	
188	
150	
191	
204	
202	
179	
194	
183	
164	
190	
183	
192	
226	
180	
279	
171	
192	
185	
166	
162	
186	
164	
177	
126	
113	
190	
172	
212	
203	
366	
177	
171	
202	
182	
116	
203	
166	
244	
197	
186	
163	
171	
205	
185	
162	
142	
185	
167	
253	
165	
141	
173	
170	
233	
168	
294	
220	
194	
168	
236	
195	
185	
156	
184	
225	
215	
198	
193	
188	
183	
180	
120	
211	
231	
220	
179	
177	
180	
165	
177	
166	
189	
206	
181	
274	
174	
175	
211	
189	
187	
202	
197	
191	
223	
222	
184	
211	
170	
184	
163	
168	
164	
119	
113	
173	
166	
188	
203	
184	
209	
175	
202	
206	
186	
179	
164	
117	
179	
295	
186	
183	
165	
200	
164	
220	
332	
189	
176	
202	
185	
185	
184	
171	
210	
175	
251	
178	
175	
187	
389	
189	
220	
186	
224	
196	
261	
172	
174	
166	
372	
180	
189	
184	
223	
169	
174	
177	
142	
185	
165	
212	
165	
223	
201	
236	
172	
189	
205	
163	
183	
165	
206	
175	
222	
163	
186	
196	
181	
280	
170	
201	
165	
185	
187	
118	
250	
214	
180	
277	
197	
195	
139	
140	
163	
211	
166	
176	
223	
233	
166	
212	
227	
181	
358	
201	
198	
188	
191	
188	
189	
172	
121	
169	
166	
181	
185	
182	
185	
177	
210	
200	
172	
161	
187	
194	
151	
220	
247	
193	
199	
173	
190	
187	
165	
214	
193	
119	
199	
181	
164	
163	
221	
254	
162	
208	
219	
183	
167	
171	
182	
175	
216	
162	
287	
168	
173	
191	
166	
185	
222	
173	
141	
193	
174	
126	
169	
164	
234	
206	
256	
168	
161	
166	
185	
219	
174	
119	
115	
116	
168	
183	
184	
189	
187	
199	
378	
200	
199	
167	
6851	
167	
208	
182	
344	
179	
173	
186	
185	
187	
140	
158	
192	
168	
169	
147	
187	
164	
187	
181	
247	
172	
239	
169	
167	
117	
172	
178	
190	
229	
303	
172	
197	
187	
163	
128	
171	
182	
189	
180	
288	
198	
175	
208	
165	
178	
185	
163	
185	
182	
179	
188	
189	
184	
208	
166	
281	
172	
194	
175	
176	
233	
204	
180	
233	
167	
185	
186	
189	
187	
163	
175	
163	
140	
184	
182	
183	
225	
175	
261	
199	
173	
190	
159	
166	
185	
186	
182	
199	
180	
169	
230	
167	
142	
139	
195	
175	
209	
172	
186	
162	
162	
194	
209	
182	
203	
217	
170	
188	
167	
170	
186	
220	
176	
249	
195	
198	
170	
165	
144	
150	
185	
184	
130	
167	
180	
167	
163	
182	
228	
177	
172	
198	
196	
197	
116	
172	
183	
173	
188	
186	
174	
169	
185	
183	
179	
165	
164	
184	
180	
171	
167	
183	
168	
231	
173	
181	
175	
166	
175	
165	
182	
117	
113	
168	
147	
180	
168	
142	
163	
266	
175	
148	
186	
173	
163	
181	
162	
164	
183	
180	
357	
137	
131	
165	
162	
184	
190	
185	
162	
276	
178	
175	
175	
178	
182	
121	
182	
202	
198	
268	
170	
282	
175	
163	
159	
192	
166	
195	
184	
184	
191	
181	
169	
165	
164	
214	
175	
292	
173	
169	
180	
191	
185	
186	
196	
205	
175	
176	
163	
189	
137	
114	
190	
162	
164	
195	
175	
259	
176	
209	
163	
170	
187	
123	
115	
124	
170	
185	
182	
187	
183	
200	
190	
186	
129	
132	
173	
175	
167	
176	
208	
184	
193	
172	
170	
167	
189	
180	
175	
237	
186	
176	
376	
171	
168	
168	
169	
184	
141	
165	
164	
120	
115	
178	
166	
164	
156	
186	
175	
251	
177	
197	
173	
206	
186	
242	
180	
177	
215	
175	
189	
166	
174	
196	
118	
166	
211	
187	
166	
203	
168	
186	
175	
261	
173	
172	
165	
198	
122	
192	
143	
234	
185	
174	
169	
150	
187	
180	
164	
324	
116	
112	
182	
190	
179	
183	
198	
186	
181	
175	
169	
147	
182	
161	
114	
161	
190	
218	
203	
283	
214	
171	
187	
183	
163	
183	
153	
188	
169	
119	
137	
131	
138	
253	
146	
446	
123	
142	
162	
116	
1237	
167	
163	
165	
177	
176	
181	
196	
180	
179	
187	
122	
166	
171	
211	
177	
301	
183	
169	
154	
184	
182	
183	
131	
184	
187	
190	
145	
206	
142	
193	
133	
197	
200	
166	
138	
164	
165	
217	
143	
166	
152	
119	
210	
163	
160	
134	
168	
173	
159	
162	
145	
183	
136	
140	
144	
178	
181	
179	
145	
183	
184	
184	
118	
296	
355	
174	
166	
188	
173	
213	
177	
165	
140	
195	
258	
215	
153	
161	
161	
149	
157	
183	
134	
227	
119	
139	
146	
147	
146	
243	
156	
350	
122	
138	
193	
195	
165	
141	
163	
213	
174	
279	
172	
190	
187	
130	
163	
195	
177	
473	
144	
183	
149	
158	
161	
128	
161	
290	
156	
168	
166	
180	
174	
230	
165	
217	
174	
180	
173	
169	
130	
132	
112	
169	
188	
209	
314	
200	
125	
148	
167	
167	
186	
181	
164	
184	
165	
169	
168	
148	
184	
231	
205	
283	
187	
209	
171	
178	
207	
159	
282	
228	
227	
171	
196	
117	
114	
167	
184	
148	
163	
191	
203	
157	
171	
168	
165	
194	
118	
113	
119	
209	
207	
275	
175	
199	
165	
188	
185	
164	
161	
125	
120	
112	
207	
185	
232	
185	
202	
173	
168	
236	
166	
161	
183	
171	
193	
190	
184	
164	
185	
190	
173	
296	
130	
175	
185	
187	
185	
185	
163	
283	
176	
264	
130	
186	
199	
187	
190	
165	
187	
182	
169	
260	
171	
192	
164	
171	
127	
114	
173	
217	
176	
305	
173	
218	
186	
164	
184	
167	
183	
182	
186	
1172	
163	
189	
184	
197	
198	
252	
173	
180	
118	
115	
165	
200	
185	
226	
203	
302	
173	
178	
167	
158	
163	
193	
169	
174	
209	
181	
185	
170	
170	
139	
184	
165	
189	
165	
175	
180	
118	
173	
185	
212	
175	
304	
156	
196	
165	
118	
176	
196	
166	
213	
176	
250	
203	
184	
171	
180	
168	
171	
156	
271	
175	
309	
172	
187	
184	
162	
162	
159	
228	
179	
221	
165	
187	
167	
191	
205	
241	
175	
171	
161	
151	
182	
182	
120	
190	
182	
241	
158	
201	
185	
209	
167	
186	
185	
197	
188	
191	
188	
170	
210	
180	
286	
163	
161	
168	
184	
181	
172	
167	
206	
214	
208	
243	
167	
201	
187	
186	
235	
191	
189	
153	
173	
218	
187	
164	
191	
203	
229	
204	
201	
165	
190	
185	
187	
220	
177	
221	
225	
242	
196	
235	
190	
187	
187	
202	
168	
171	
119	
113	
180	
188	
232	
179	
254	
176	
187	
141	
184	
256	
184	
122	
172	
177	
191	
166	
141	
166	
251	
176	
211	
201	
190	
186	
190	
179	
199	
123	
164	
182	
171	
273	
173	
169	
189	
178	
166	
113	
169	
232	
173	
356	
167	
174	
167	
178	
167	
173	
155	
252	
174	
329	
176	
199	
192	
201	
182	
190	
367	
203	
194	
171	
171	
165	
189	
123	
116	
113	
194	
273	
177	
352	
223	
173	
170	
188	
217	
187	
194	
177	
122	
166	
142	
210	
182	
173	
164	
173	
191	
183	
163	
187	
187	
190	
241	
169	
168	
167	
185	
192	
222	
192	
161	
203	
172	
170	
114	
191	
215	
181	
210	
174	
175	
167	
187	
452	
166	
219	
170	
174	
189	
176	
305	
202	
248	
182	
165	
169	
184	
145	
266	
178	
173	
204	
166	
182	
189	
170	
168	
169	
163	
236	
175	
322	
173	
172	
142	
170	
188	
178	
192	
184	
176	
251	
199	
175	
191	
151	
246	
163	
137	
168	
117	
174	
191	
192	
178	
192	
174	
198	
187	
208	
186	
163	
181	
218	
119	
120	
182	
187	
181	
195	
203	
287	
175	
196	
166	
165	
164	
193	
179	
187	
207	
182	
157	
190	
173	
191	
189	
150	
191	
147	
122	
168	
190	
168	
189	
218	
181	
293	
173	
172	
187	
188	
163	
121	
165	
178	
197	
181	
348	
177	
172	
169	
189	
187	
227	
146	
164	
187	
177	
312	
244	
229	
192	
201	
200	
189	
185	
184	
166	
186	
188	
326	
177	
166	
181	
186	
180	
202	
164	
189	
220	
146	
152	
140	
207	
196	
187	
242	
206	
175	
189	
169	
187	
201	
199	
167	
722	
189	
165	
194	
179	
256	
173	
155	
188	
156	
166	
140	
168	
227	
203	
293	
174	
198	
172	
162	
189	
165	
201	
188	
181	
161	
168	
231	
174	
268	
176	
209	
184	
170	
190	
184	
165	
179	
202	
179	
238	
227	
169	
180	
166	
130	
118	
166	
224	
178	
194	
173	
199	
166	
164	
144	
140	
157	
149	
192	
167	
191	
158	
185	
205	
208	
173	
180	
186	
154	
113	
114	
192	
211	
176	
278	
324	
172	
165	
176	
184	
165	
158	
180	
165	
226	
212	
166	
165	
194	
178	
240	
171	
177	
186	
185	
155	
123	
117	
170	
221	
183	
199	
229	
175	
194	
155	
144	
168	
183	
173	
175	
184	
113	
175	
174	
164	
250	
127	
141	
185	
166	
180	
142	
141	
202	
213	
173	
177	
172	
144	
135	
179	
202	
135	
178	
168	
252	
181	
241	
125	
172	
159	
184	
184	
181	
182	
182	
172	
182	
179	
141	
130	
130	
193	
168	
117	
162	
178	
276	
132	
152	
145	
157	
162	
192	
160	
184	
134	
126	
113	
162	
124	
155	
241	
148	
140	
138	
165	
163	
181	
164	
180	
121	
117	
117	
150	
181	
189	
130	
173	
253	
170	
198	
147	
184	
159	
147	
117	
171	
167	
174	
216	
323	
152	
169	
144	
196	
166	
187	
188	
194	
171	
1305	
194	
213	
169	
344	
172	
169	
153	
183	
155	
182	
181	
180	
167	
219	
173	
326	
154	
144	
162	
188	
169	
182	
185	
124	
168	
209	
220	
155	
300	
148	
213	
201	
201	
181	
190	
181	
196	
179	
181	
188	
187	
172	
251	
170	
168	
185	
166	
163	
171	
217	
177	
175	
159	
206	
178	
150	
146	
135	
135	
140	
195	
139	
206	
176	
129	
144	
219	
151	
256	
149	
146	
165	
129	
117	
173	
118	
207	
141	
321	
176	
200	
141	
155	
137	
138	
135	
186	
118	
167	
143	
177	
135	
128	
189	
181	
178	
184	
369	
116	
203	
187	
189	
212	
155	
283	
149	
163	
156	
164	
162	
160	
182	
117	
168	
256	
207	
281	
174	
181	
140	
154	
140	
196	
166	
186	
175	
167	
196	
268	
178	
260	
171	
211	
196	
120	
115	
129	
187	
192	
223	
248	
197	
172	
169	
164	
164	
180	
185	
117	
114	
192	
215	
180	
348	
175	
196	
171	
189	
159	
167	
141	
170	
183	
161	
193	
184	
269	
163	
194	
165	
143	
173	
184	
176	
176	
188	
236	
177	
329	
198	
175	
170	
188	
165	
163	
123	
117	
165	
148	
161	
230	
226	
285	
175	
198	
168	
183	
162	
143	
180	
179	
170	
187	
177	
518	
170	
197	
167	
164	
163	
164	
161	
366	
168	
202	
201	
204	
174	
198	
173	
149	
143	
169	
162	
181	
121	
177	
181	
187	
210	
204	
223	
193	
179	
137	
122	
112	
185	
166	
186	
205	
181	
301	
203	
214	
170	
175	
182	
178	
180	
179	
189	
194	
178	
255	
173	
199	
191	
135	
166	
212	
188	
214	
180	
175	
194	
175	
189	
186	
171	
170	
182	
175	
196	
165	
192	
188	
207	
171	
176	
165	
186	
134	
116	
168	
189	
179	
256	
198	
175	
168	
184	
223	
168	
147	
183	
182	
174	
172	
166	
165	
161	
184	
174	
189	
166	
162	
185	
178	
212	
176	
174	
157	
179	
155	
164	
162	
207	
164	
117	
168	
193	
176	
312	
177	
174	
165	
185	
163	
166	
162	
185	
185	
184	
197	
219	
251	
200	
167	
192	
188	
178	
184	
195	
166	
201	
198	
190	
156	
176	
183	
182	
181	
167	
185	
185	
217	
176	
292	
175	
174	
167	
238	
167	
173	
166	
207	
202	
269	
184	
173	
165	
178	
187	
181	
164	
168	
121	
165	
156	
167	
255	
182	
234	
182	
172	
174	
142	
138	
185	
123	
169	
170	
247	
203	
287	
171	
197	
188	
170	
164	
119	
166	
227	
181	
378	
176	
172	
159	
163	
167	
182	
164	
209	
116	
231	
173	
225	
168	
363	
190	
176	
165	
182	
167	
186	
176	
192	
114	
201	
182	
179	
178	
214	
192	
171	
167	
179	
174	
165	
172	
184	
186	
191	
184	
231	
177	
428	
195	
176	
167	
164	
188	
175	
137	
114	
111	
314	
166	
205	
188	
291	
202	
199	
192	
184	
186	
185	
193	
184	
177	
145	
205	
224	
181	
199	
327	
371	
163	
202	
180	
414	
175	
198	
193	
154	
191	
166	
183	
202	
116	
1209	
208	
203	
170	
369	
156	
152	
182	
135	
165	
115	
171	
187	
174	
186	
174	
209	
166	
185	
179	
191	
190	
168	
336	
174	
174	
171	
183	
183	
164	
141	
134	
205	
161	
227	
196	
227	
203	
169	
191	
172	
213	
218	
189	
187	
203	
210	
203	
310	
173	
180	
170	
185	
191	
185	
197	
175	
167	
168	
165	
152	
207	
179	
343	
173	
171	
187	
176	
177	
192	
169	
186	
175	
185	
197	
165	
166	
172	
140	
176	
178	
185	
191	
193	
185	
196	
182	
167	
193	
163	
202	
198	
161	
119	
184	
174	
258	
195	
249	
174	
173	
168	
162	
148	
209	
162	
161	
116	
114	
176	
167	
173	
247	
175	
447	
173	
173	
146	
167	
185	
146	
181	
184	
186	
172	
231	
201	
278	
172	
174	
169	
184	
152	
189	
188	
119	
119	
141	
186	
166	
168	
253	
171	
164	
184	
156	
186	
159	
191	
165	
200	
205	
180	
174	
195	
165	
179	
184	
176	
192	
231	
296	
175	
173	
169	
185	
184	
180	
187	
193	
187	
124	
116	
168	
204	
189	
180	
189	
175	
173	
169	
170	
188	
163	
183	
185	
178	
195	
185	
201	
255	
217	
182	
338	
190	
262	
188	
224	
192	
177	
171	
167	
191	
169	
197	
262	
236	
310	
152	
200	
189	
169	
183	
179	
179	
165	
169	
159	
184	
190	
168	
186	
196	
167	
187	
164	
166	
180	
165	
347	
205	
169	
195	
175	
229	
168	
177	
160	
165	
165	
191	
169	
122	
197	
234	
176	
284	
199	
202	
164	
194	
159	
190	
182	
211	
202	
188	
159	
165	
184	
176	
264	
175	
181	
170	
180	
192	
191	
187	
183	
177	
211	
174	
197	
154	
176	
184	
181	
118	
156	
186	
223	
195	
285	
201	
214	
187	
186	
161	
184	
136	
173	
187	
165	
195	
181	
191	
210	
164	
168	
181	
173	
114	
160	
198	
183	
313	
174	
201	
191	
164	
192	
113	
187	
189	
179	
349	
170	
175	
168	
188	
222	
187	
165	
182	
172	
1231	
180	
165	
166	
235	
181	
302	
175	
188	
173	
206	
159	
185	
195	
173	
256	
175	
298	
211	
168	
194	
194	
166	
170	
168	
188	
230	
242	
171	
176	
163	
163	
114	
267	
187	
207	
183	
312	
175	
171	
170	
183	
183	
185	
183	
174	
170	
190	
220	
177	
327	
178	
206	
208	
163	
160	
146	
188	
116	
115	
113	
213	
203	
299	
203	
201	
171	
184	
185	
183	
184	
171	
133	
114	
209	
183	
223	
230	
170	
192	
166	
161	
161	
147	
186	
178	
117	
162	
211	
166	
170	
229	
181	
240	
174	
178	
192	
191	
183	
137	
117	
165	
154	
206	
186	
290	
174	
174	
173	
167	
195	
182	
205	
121	
122	
113	
159	
171	
199	
223	
177	
171	
242	
165	
162	
184	
171	
172	
115	
117	
191	
172	
286	
179	
196	
166	
212	
149	
182	
173	
193	
114	
163	
168	
219	
178	
300	
172	
173	
189	
170	
116	
112	
113	
192	
231	
199	
221	
155	
192	
189	
196	
153	
185	
173	
138	
113	
114	
115	
165	
184	
176	
223	
297	
173	
174	
166	
242	
166	
281	
175	
181	
210	
221	
200	
167	
173	
192	
165	
199	
166	
175	
208	
177	
324	
202	
172	
165	
207	
187	
173	
181	
205	
176	
178	
166	
190	
174	
206	
178	
166	
184	
169	
184	
184	
182	
127	
114	
113	
238	
188	
140	
246	
220	
266	
198	
203	
165	
190	
141	
128	
174	
177	
167	
218	
200	
162	
171	
167	
154	
185	
150	
146	
184	
191	
245	
199	
197	
203	
189	
177	
235	
167	
162	
179	
120	
117	
168	
247	
177	
182	
169	
169	
164	
181	
188	
163	
193	
225	
252	
189	
234	
167	
195	
186	
189	
190	
134	
112	
173	
164	
160	
181	
201	
177	
326	
176	
174	
119	
142	
1205	
183	
156	
191	
206	
194	
180	
199	
191	
166	
146	
198	
117	
114	
121	
171	
178	
201	
174	
171	
170	
182	
119	
114	
169	
167	
204	
178	
204	
200	
196	
163	
182	
123	
120	
202	
193	
206	
184	
172	
182	
164	
175	
182	
190	
232	
182	
287	
174	
196	
166	
182	
185	
172	
195	
180	
314	
169	
172	
168	
192	
181	
182	
176	
185	
191	
175	
245	
187	
177	
279	
152	
172	
171	
168	
153	
162	
145	
118	
119	
115	
129	
167	
163	
168	
191	
181	
199	
175	
171	
169	
156	
141	
178	
173	
1306	
190	
176	
360	
173	
172	
149	
164	
187	
189	
176	
234	
228	
282	
173	
198	
193	
183	
185	
282	
186	
202	
223	
178	
175	
190	
185	
177	
175	
171	
238	
177	
336	
171	
173	
191	
182	
173	
116	
174	
187	
166	
333	
185	
202	
180	
272	
174	
158	
191	
136	
184	
182	
202	
199	
284	
198	
200	
166	
188	
164	
210	
164	
164	
143	
116	
116	
168	
219	
153	
278	
177	
251	
175	
180	
124	
179	
184	
185	
212	
180	
206	
179	
213	
193	
191	
162	
186	
181	
116	
184	
449	
207	
306	
319	
135	
112	
112	
144	
193	
177	
323	
173	
173	
167	
181	
146	
162	
163	
184	
167	
174	
207	
215	
207	
176	
187	
199	
188	
298	
199	
119	
123	
165	
172	
167	
406	
178	
178	
252	
224	
263	
369	
286	
162	
213	
188	
201	
194	
180	
183	
194	
185	
165	
181	
183	
176	
168	
287	
176	
231	
170	
153	
167	
186	
168	
161	
182	
206	
581	
162	
188	
166	
218	
200	
204	
169	
197	
156	
140	
184	
173	
177	
182	
192	
175	
307	
172	
172	
166	
164	
185	
184	
166	
183	
196	
189	
206	
199	
201	
141	
144	
177	
191	
172	
266	
169	
198	
198	
190	
189	
182	
206	
158	
187	
185	
186	
163	
209	
215	
164	
128	
121	
114	
169	
198	
181	
184	
273	
186	
345	
287	
188	
179	
333	
169	
212	
176	
176	
173	
170	
168	
164	
165	
184	
194	
116	
164	
247	
189	
210	
203	
204	
179	
173	
168	
181	
165	
187	
164	
200	
163	
184	
176	
186	
185	
164	
191	
187	
162	
238	
195	
199	
174	
201	
192	
183	
203	
192	
157	
184	
177	
206	
175	
170	
189	
171	
176	
172	
261	
195	
173	
168	
213	
177	
206	
192	
180	
204	
167	
181	
148	
194	
182	
177	
172	
225	
164	
183	
184	
173	
180	
174	
229	
217	
380	
243	
344	
255	
217	
166	
329	
172	
176	
361	
176	
171	
186	
197	
186	
201	
165	
210	
117	
191	
185	
283	
176	
308	
177	
199	
205	
171	
192	
161	
175	
193	
263	
248	
135	
196	
215	
190	
185	
223	
233	
269	
152	
201	
173	
183	
166	
274	
180	
180	
198	
183	
184	
166	
175	
179	
177	
230	
202	
194	
315	
464	
362	
223	
185	
187	
170	
202	
184	
188	
181	
210	
167	
155	
181	
225	
198	
177	
184	
222	
193	
183	
184	
168	
164	
181	
133	
168	
191	
251	
236	
192	
186	
174	
183	
208	
236	
211	
199	
197	
169	
184	
180	
118	
1275	
168	
296	
204	
176	
186	
201	
147	
187	
166	
163	
186	
175	
118	
374	
242	
1334	
183	
166	
167	
185	
176	
205	
366	
154	
176	
186	
180	
166	
1152	
167	
207	
183	
205	
201	
172	
169	
157	
185	
186	
126	
182	
176	
166	
312	
158	
179	
254	
203	
172	
174	
184	
167	
183	
168	
155	
176	
182	
164	
167	
143	
223	
177	
315	
173	
204	
145	
139	
164	
175	
191	
174	
123	
190	
167	
187	
183	
293	
467	
237	
242	
216	
165	
204	
139	
114	
112	
167	
186	
202	
224	
215	
173	
212	
252	
254	
167	
191	
188	
180	
167	
152	
184	
147	
172	
179	
203	
271	
267	
591	
282	
275	
200	
166	
193	
187	
163	
161	
188	
119	
113	
183	
120	
132	
130	
189	
134	
225	
146	
252	
140	
134	
186	
203	
116	
114	
113	
164	
165	
147	
144	
128	
185	
208	
191	
192	
365	
233	
234	
229	
143	
115	
111	
114	
192	
162	
183	
140	
257	
177	
125	
182	
156	
145	
166	
163	
140	
177	
169	
162	
205	
300	
152	
176	
186	
182	
159	
189	
181	
193	
214	
323	
253	
180	
212	
183	
141	
153	
132	
329	
122	
126	
115	
195	
139	
141	
143	
159	
215	
173	
276	
171	
178	
164	
167	
184	
175	
252	
138	
163	
226	
212	
170	
164	
171	
219	
185	
324	
229	
213	
173	
210	
146	
150	
162	
146	
190	
200	
270	
156	
180	
143	
161	
189	
172	
176	
195	
171	
183	
241	
167	
178	
163	
188	
193	
185	
240	
323	
265	
136	
114	
179	
173	
197	
222	
223	
296	
169	
197	
173	
161	
163	
325	
181	
177	
208	
187	
160	
188	
180	
185	
166	
320	
173	
205	
186	
149	
344	
249	
283	
199	
196	
215	
164	
208	
187	
143	
168	
201	
179	
166	
160	
186	
186	
198	
248	
189	
171	
197	
183	
175	
192	
187	
164	
203	
184	
306	
172	
253	
119	
170	
171	
184	
150	
213	
179	
168	
160	
190	
150	
183	
166	
184	
172	
213	
166	
187	
181	
168	
224	
177	
292	
191	
216	
168	
165	
162	
180	
187	
218	
178	
178	
198	
165	
171	
183	
165	
164	
190	
175	
293	
171	
170	
167	
172	
186	
185	
158	
194	
177	
173	
167	
165	
162	
205	
181	
230	
169	
175	
208	
184	
182	
207	
116	
113	
193	
229	
184	
141	
184	
147	
174	
176	
190	
352	
165	
180	
118	
116	
171	
224	
245	
175	
197	
223	
168	
183	
181	
173	
167	
206	
175	
275	
189	
199	
165	
132	
188	
116	
190	
185	
212	
179	
177	
173	
169	
184	
179	
165	
167	
141	
115	
169	
167	
184	
169	
204	
176	
255	
171	
173	
167	
187	
166	
197	
180	
216	
198	
374	
198	
171	
187	
187	
157	
186	
169	
184	
183	
180	
169	
185	
179	
183	
252	
174	
174	
384	
176	
191	
223	
145	
256	
199	
169	
198	
168	
164	
140	
203	
125	
117	
115	
113	
147	
187	
169	
169	
206	
205	
286	
172	
172	
176	
211	
200	
138	
205	
227	
249	
169	
710	
248	
160	
155	
147	
209	
209	
222	
153	
197	
267	
287	
294	
236	
172	
187	
173	
183	
183	
185	
171	
186	
179	
1510	
168	
164	
162	
172	
184	
177	
303	
176	
178	
142	
177	
181	
174	
190	
162	
250	
178	
202	
165	
204	
190	
169	
163	
171	
139	
182	
181	
166	
195	
271	
193	
300	
198	
258	
163	
188	
162	
176	
120	
115	
193	
148	
165	
161	
163	
179	
206	
287	
177	
172	
167	
166	
117	
117	
189	
240	
179	
277	
179	
187	
156	
183	
165	
159	
164	
182	
186	
115	
189	
167	
184	
262	
224	
236	
203	
199	
167	
186	
184	
194	
183	
198	
163	
248	
202	
172	
151	
190	
226	
165	
189	
163	
170	
112	
219	
194	
164	
163	
200	
174	
173	
192	
188	
169	
183	
176	
224	
178	
495	
174	
196	
188	
184	
181	
153	
251	
197	
191	
180	
183	
166	
327	
117	
111	
200	
189	
374	
174	
276	
175	
174	
164	
170	
159	
168	
196	
204	
117	
192	
193	
166	
185	
237	
175	
257	
164	
216	
165	
186	
314	
183	
177	
252	
169	
424	
183	
173	
165	
219	
1169	
213	
182	
303	
167	
172	
203	
141	
184	
160	
151	
186	
118	
181	
232	
170	
164	
209	
178	
356	
210	
171	
167	
118	
766	
190	
184	
206	
181	
335	
199	
173	
166	
186	
236	
206	
185	
174	
176	
164	
163	
171	
184	
230	
199	
396	
194	
221	
192	
173	
186	
167	
166	
188	
171	
555	
125	
187	
190	
184	
170	
183	
230	
176	
339	
177	
175	
167	
183	
129	
114	
208	
207	
289	
290	
208	
155	
186	
150	
156	
184	
160	
122	
113	
114	
189	
171	
186	
213	
227	
251	
170	
183	
166	
165	
241	
189	
162	
182	
178	
186	
183	
171	
184	
163	
184	
181	
174	
171	
203	
204	
191	
213	
178	
184	
163	
204	
137	
130	
165	
226	
136	
145	
133	
198	
129	
148	
130	
126	
190	
183	
192	
289	
185	
175	
141	
138	
134	
132	
131	
161	
182	
171	
350	
186	
217	
132	
165	
185	
183	
155	
213	
345	
202	
165	
147	
186	
175	
168	
190	
189	
218	
173	
176	
166	
171	
182	
167	
128	
191	
195	
196	
204	
203	
197	
151	
164	
164	
147	
161	
171	
162	
188	
184	
180	
163	
203	
200	
172	
181	
171	
188	
184	
213	
118	
227	
255	
206	
174	
293	
125	
143	
186	
185	
184	
166	
187	
136	
166	
172	
142	
232	
162	
209	
173	
194	
172	
171	
166	
184	
202	
172	
155	
201	
121	
185	
151	
169	
208	
143	
168	
122	
214	
177	
165	
164	
164	
163	
190	
175	
181	
197	
155	
117	
195	
163	
184	
268	
166	
183	
171	
172	
166	
163	
278	
142	
115	
114	
295	
124	
175	
319	
121	
140	
136	
130	
141	
131	
129	
132	
260	
117	
114	
114	
184	
140	
211	
174	
230	
176	
195	
190	
161	
162	
182	
207	
113	
111	
224	
187	
141	
183	
272	
351	
172	
181	
166	
162	
201	
189	
177	
178	
206	
193	
218	
222	
173	
187	
188	
161	
165	
163	
183	
120	
274	
165	
201	
231	
434	
200	
198	
181	
177	
167	
182	
168	
223	
180	
180	
170	
167	
185	
188	
138	
203	
181	
166	
209	
165	
191	
165	
224	
202	
316	
192	
218	
194	
144	
189	
167	
141	
179	
271	
180	
171	
150	
166	
170	
180	
182	
192	
178	
180	
181	
172	
169	
169	
183	
178	
188	
184	
167	
199	
203	
184	
164	
240	
177	
358	
162	
203	
188	
172	
179	
191	
193	
229	
208	
204	
176	
195	
194	
190	
183	
115	
124	
180	
201	
207	
317	
173	
174	
191	
169	
178	
179	
183	
179	
179	
217	
173	
191	
187	
146	
185	
171	
208	
193	
179	
199	
173	
193	
190	
178	
115	
121	
114	
245	
203	
311	
179	
176	
142	
162	
161	
176	
142	
163	
184	
116	
184	
215	
175	
249	
170	
173	
187	
184	
167	
141	
165	
185	
168	
160	
180	
191	
209	
241	
228	
270	
200	
200	
168	
162	
178	
177	
228	
227	
189	
275	
174	
161	
186	
183	
179	
167	
183	
137	
117	
115	
233	
185	
167	
213	
172	
265	
251	
171	
168	
185	
168	
170	
119	
114	
188	
242	
172	
196	
164	
165	
168	
210	
185	
241	
118	
113	
128	
174	
234	
158	
236	
175	
198	
186	
177	
167	
228	
186	
212	
182	
281	
173	
214	
185	
126	
114	
112	
191	
226	
174	
245	
176	
171	
166	
161	
180	
165	
147	
192	
186	
167	
188	
184	
231	
179	
280	
202	
213	
187	
181	
193	
189	
180	
171	
214	
182	
193	
175	
176	
165	
186	
180	
165	
211	
338	
187	
216	
202	
242	
351	
207	
185	
213	
156	
158	
167	
198	
181	
174	
181	
186	
191	
180	
327	
175	
172	
169	
161	
185	
177	
182	
224	
186	
252	
198	
251	
174	
194	
167	
214	
164	
195	
179	
170	
114	
251	
167	
220	
177	
194	
175	
192	
186	
183	
188	
183	
212	
211	
192	
164	
177	
176	
122	
178	
185	
236	
236	
175	
307	
181	
172	
186	
165	
183	
179	
303	
180	
179	
185	
273	
181	
196	
188	
181	
776	
310	
175	
263	
172	
198	
166	
168	
188	
163	
159	
124	
171	
114	
154	
236	
174	
235	
175	
211	
184	
183	
190	
184	
163	
218	
116	
114	
187	
192	
159	
164	
226	
197	
165	
200	
150	
184	
185	
191	
211	
240	
186	
246	
176	
231	
173	
192	
166	
188	
157	
184	
161	
117	
115	
117	
194	
211	
199	
227	
201	
196	
189	
144	
182	
183	
289	
183	
177	
170	
180	
162	
150	
209	
178	
189	
218	
178	
164	
163	
170	
165	
168	
217	
177	
187	
172	
173	
204	
182	
206	
201	
115	
167	
222	
174	
249	
178	
196	
189	
184	
166	
196	
150	
217	
177	
269	
177	
170	
190	
163	
186	
184	
122	
273	
180	
219	
200	
190	
176	
173	
173	
188	
178	
169	
161	
184	
197	
184	
165	
181	
183	
188	
214	
177	
177	
184	
176	
178	
172	
186	
160	
199	
216	
207	
205	
254	
167	
183	
141	
201	
117	
1165	
146	
166	
177	
176	
223	
175	
195	
164	
168	
189	
171	
183	
177	
189	
184	
246	
308	
512	
173	
168	
184	
232	
165	
179	
177	
219	
177	
183	
184	
225	
173	
171	
166	
162	
187	
167	
184	
181	
178	
210	
216	
190	
251	
173	
209	
198	
118	
112	
176	
187	
218	
206	
274	
172	
213	
143	
165	
158	
177	
166	
187	
115	
439	
166	
184	
186	
280	
170	
315	
173	
192	
118	
180	
167	
143	
164	
228	
201	
267	
185	
199	
166	
203	
165	
119	
114	
115	
166	
190	
173	
188	
254	
173	
199	
386	
181	
173	
196	
197	
188	
261	
180	
168	
168	
179	
183	
182	
161	
401	
205	
224	
173	
220	
164	
181	
113	
113	
162	
229	
203	
260	
200	
172	
162	
138	
116	
159	
166	
166	
188	
176	
231	
173	
150	
204	
189	
187	
183	
221	
180	
173	
191	
217	
175	
197	
171	
191	
158	
165	
185	
183	
193	
181	
174	
157	
195	
186	
176	
227	
302	
200	
200	
188	
167	
183	
204	
181	
170	
172	
186	
183	
179	
178	
170	
191	
180	
116	
187	
176	
148	
206	
175	
276	
192	
169	
176	
180	
180	
170	
170	
209	
178	
222	
155	
146	
177	
182	
159	
181	
165	
200	
143	
213	
192	
464	
200	
170	
167	
190	
164	
177	
184	
216	
204	
315	
198	
201	
187	
119	
117	
115	
172	
200	
191	
241	
176	
198	
200	
184	
179	
179	
138	
185	
184	
146	
156	
143	
115	
145	
138	
130	
130	
186	
166	
181	
154	
186	
182	
150	
199	
140	
136	
193	
145	
184	
182	
183	
176	
231	
177	
178	
190	
204	
206	
134	
146	
170	
162	
169	
122	
201	
274	
154	
169	
148	
137	
136	
141	
165	
123	
118	
118	
163	
189	
151	
186	
172	
196	
131	
186	
236	
116	
176	
171	
154	
136	
141	
235	
166	
158	
200	
168	
134	
162	
118	
115	
206	
189	
149	
187	
200	
177	
185	
147	
162	
181	
164	
269	
175	
171	
136	
148	
196	
212	
229	
156	
149	
118	
139	
131	
132	
163	
122	
114	
190	
173	
228	
170	
312	
149	
151	
133	
126	
166	
143	
120	
180	
169	
198	
222	
240	
274	
152	
127	
148	
187	
142	
164	
120	
115	
124	
175	
185	
143	
334	
155	
171	
156	
172	
168	
134	
163	
129	
119	
113	
189	
189	
118	
219	
298	
203	
169	
194	
188	
163	
183	
188	
169	
188	
189	
214	
179	
395	
171	
171	
214	
167	
163	
185	
186	
120	
117	
190	
182	
154	
238	
174	
167	
190	
170	
197	
186	
166	
193	
181	
235	
185	
292	
175	
200	
145	
186	
190	
121	
119	
260	
220	
221	
175	
203	
188	
184	
183	
161	
168	
379	
117	
111	
191	
184	
204	
255	
200	
262	
212	
207	
180	
180	
165	
165	
197	
351	
181	
178	
197	
309	
180	
179	
193	
186	
264	
165	
317	
156	
174	
166	
185	
178	
163	
182	
182	
221	
165	
176	
174	
191	
172	
194	
186	
167	
187	
161	
180	
178	
1262	
224	
168	
322	
174	
180	
167	
156	
184	
179	
188	
172	
117	
181	
118	
190	
183	
193	
175	
471	
226	
183	
145	
138	
174	
181	
167	
177	
171	
187	
190	
194	
263	
165	
211	
273	
178	
170	
169	
182	
176	
201	
176	
204	
172	
153	
189	
168	
148	
187	
178	
182	
191	
175	
351	
125	
146	
144	
131	
137	
130	
164	
132	
185	
166	
1243	
203	
190	
316	
171	
172	
155	
188	
168	
182	
181	
182	
121	
120	
431	
206	
142	
158	
126	
145	
200	
175	
159	
175	
189	
183	
121	
378	
172	
163	
185	
233	
201	
165	
188	
150	
226	
113	
113	
163	
137	
172	
184	
147	
160	
152	
133	
134	
131	
163	
261	
196	
185	
175	
191	
133	
181	
234	
170	
171	
167	
166	
162	
163	
185	
168	
164	
175	
201	
201	
277	
177	
200	
185	
283	
185	
185	
168	
202	
131	
112	
178	
208	
175	
314	
170	
200	
163	
161	
190	
164	
190	
210	
202	
178	
198	
194	
189	
188	
190	
187	
184	
134	
165	
344	
165	
183	
182	
237	
203	
245	
147	
142	
169	
172	
125	
184	
169	
252	
178	
177	
125	
280	
164	
222	
164	
185	
185	
183	
200	
185	
170	
194	
187	
165	
213	
177	
174	
148	
162	
120	
203	
304	
171	
204	
190	
163	
161	
160	
180	
164	
274	
165	
202	
203	
279	
276	
277	
383	
116	
115	
194	
183	
203	
233	
172	
161	
194	
304	
117	
162	
169	
350	
184	
177	
175	
145	
142	
174	
185	
142	
184	
182	
174	
222	
189	
179	
210	
211	
340	
163	
179	
118	
113	
146	
213	
176	
174	
170	
179	
162	
163	
167	
185	
184	
184	
120	
167	
181	
184	
226	
176	
295	
174	
348	
153	
179	
176	
179	
190	
174	
176	
170	
177	
170	
167	
187	
160	
180	
176	
190	
165	
210	
219	
181	
172	
242	
211	
114	
112	
118	
167	
227	
168	
253	
173	
171	
163	
181	
173	
182	
166	
235	
203	
196	
175	
168	
174	
157	
183	
161	
197	
194	
297	
146	
237	
206	
168	
170	
171	
196	
168	
183	
185	
206	
176	
1285	
177	
182	
183	
241	
167	
248	
171	
166	
192	
196	
187	
178	
178	
193	
175	
178	
170	
171	
191	
165	
182	
159	
183	
185	
211	
118	
166	
183	
189	
204	
178	
195	
174	
374	
168	
125	
169	
190	
210	
183	
221	
202	
172	
169	
186	
173	
186	
152	
230	
172	
263	
194	
175	
142	
151	
185	
122	
124	
168	
178	
187	
203	
261	
158	
201	
166	
164	
192	
187	
156	
186	
117	
227	
166	
179	
157	
179	
178	
171	
191	
177	
181	
185	
185	
197	
117	
189	
164	
168	
189	
167	
386	
171	
186	
149	
166	
185	
194	
247	
203	
190	
187	
198	
172	
168	
192	
186	
120	
116	
169	
149	
197	
177	
229	
196	
173	
165	
184	
168	
145	
182	
181	
168	
184	
210	
180	
222	
174	
318	
185	
179	
1292	
167	
184	
239	
191	
260	
159	
149	
181	
167	
203	
190	
177	
1226	
217	
202	
206	
201	
173	
187	
177	
169	
203	
186	
199	
120	
164	
194	
188	
177	
344	
176	
172	
144	
171	
167	
164	
163	
133	
169	
1236	
153	
246	
184	
204	
224	
163	
200	
195	
192	
157	
146	
124	
115	
174	
185	
244	
201	
283	
173	
185	
166	
319	
117	
1161	
166	
235	
205	
265	
178	
171	
165	
211	
186	
161	
174	
123	
115	
117	
191	
269	
188	
184	
167	
172	
154	
189	
168	
184	
185	
172	
180	
168	
181	
165	
182	
191	
179	
243	
243	
119	
114	
192	
210	
143	
185	
212	
206	
181	
178	
176	
146	
165	
120	
117	
115	
202	
222	
280	
174	
214	
196	
142	
395	
126	
165	
214	
182	
331	
174	
222	
168	
175	
184	
221	
116	
209	
187	
212	
183	
272	
214	
172	
188	
175	
121	
117	
166	
197	
200	
174	
178	
209	
185	
172	
166	
203	
246	
239	
184	
202	
176	
168	
185	
150	
186	
170	
117	
184	
187	
184	
168	
217	
177	
245	
173	
176	
180	
168	
174	
183	
179	
198	
199	
185	
197	
168	
218	
164	
173	
178	
170	
169	
226	
188	
284	
178	
274	
165	
201	
182	
169	
201	
172	
117	
198	
144	
181	
177	
218	
198	
195	
169	
186	
182	
170	
223	
185	
177	
247	
175	
170	
166	
168	
170	
185	
221	
189	
179	
348	
212	
205	
387	
204	
171	
147	
207	
186	
164	
164	
205	
115	
114	
173	
175	
184	
189	
197	
302	
171	
166	
118	
233	
176	
188	
170	
251	
205	
277	
198	
183	
118	
113	
163	
190	
183	
262	
219	
202	
172	
190	
166	
139	
185	
230	
158	
169	
223	
176	
288	
171	
171	
194	
171	
165	
182	
125	
119	
167	
185	
197	
236	
202	
180	
171	
168	
175	
187	
164	
117	
113	
177	
224	
174	
292	
180	
173	
154	
142	
193	
190	
229	
177	
383	
198	
173	
191	
166	
163	
193	
183	
185	
169	
189	
153	
192	
176	
336	
172	
177	
160	
161	
180	
115	
226	
284	
182	
311	
172	
173	
191	
163	
171	
123	
169	
200	
180	
196	
176	
211	
165	
166	
169	
189	
166	
247	
165	
185	
182	
207	
178	
219	
160	
174	
180	
181	
167	
186	
185	
249	
168	
230	
202	
171	
165	
163	
171	
172	
164	
207	
130	
123	
128	
147	
139	
145	
183	
188	
145	
165	
170	
181	
168	
169	
168	
210	
205	
278	
172	
197	
160	
186	
143	
181	
172	
215	
228	
150	
290	
173	
167	
179	
183	
183	
157	
167	
174	
167	
140	
167	
165	
180	
176	
206	
172	
195	
188	
181	
178	
150	
115	
113	
116	
191	
150	
163	
162	
144	
187	
170	
185	
130	
117	
166	
185	
163	
162	
252	
201	
241	
202	
121	
164	
169	
181	
177	
174	
210	
173	
341	
173	
192	
141	
205	
187	
163	
182	
192	
172	
296	
160	
143	
193	
222	
334	
199	
169	
171	
186	
156	
174	
167	
212	
125	
237	
189	
129	
123	
127	
165	
188	
172	
180	
209	
204	
187	
130	
153	
118	
165	
157	
162	
195	
140	
181	
165	
163	
182	
136	
276	
251	
152	
170	
192	
137	
136	
162	
198	
183	
162	
186	
138	
136	
146	
174	
185	
160	
165	
172	
204	
140	
167	
121	
115	
114	
253	
182	
313	
186	
173	
190	
148	
190	
185	
155	
240	
118	
165	
171	
149	
180	
190	
180	
179	
174	
168	
206	
184	
191	
179	
165	
223	
178	
373	
199	
199	
190	
186	
185	
167	
254	
196	
219	
207	
221	
175	
154	
166	
303	
189	
158	
181	
215	
118	
113	
205	
186	
227	
178	
192	
173	
197	
150	
185	
163	
183	
118	
113	
168	
292	
162	
161	
182	
185	
174	
286	
194	
119	
204	
186	
170	
199	
205	
238	
207	
244	
126	
118	
190	
180	
162	
183	
182	
194	
180	
182	
159	
169	
164	
185	
172	
202	
211	
208	
323	
173	
202	
169	
166	
206	
166	
183	
182	
189	
176	
152	
183	
180	
195	
182	
169	
197	
179	
195	
160	
166	
183	
229	
178	
339	
174	
170	
189	
195	
167	
181	
165	
222	
170	
271	
170	
176	
171	
173	
163	
164	
186	
175	
118	
336	
115	
169	
183	
233	
195	
268	
170	
198	
164	
164	
159	
202	
117	
112	
113	
232	
194	
185	
187	
146	
197	
177	
169	
126	
115	
117	
154	
184	
146	
184	
212	
176	
362	
202	
182	
188	
205	
181	
174	
170	
190	
203	
215	
173	
193	
186	
151	
187	
190	
235	
118	
115	
180	
193	
187	
155	
205	
175	
243	
205	
145	
167	
207	
186	
194	
251	
240	
217	
171	
201	
192	
181	
213	
127	
114	
176	
210	
180	
221	
178	
194	
187	
186	
208	
143	
206	
261	
202	
165	
204	
160	
212	
201	
160	
173	
169	
175	
165	
183	
355	
120	
114	
180	
211	
184	
141	
169	
216	
202	
177	
169	
173	
164	
184	
172	
114	
174	
226	
203	
253	
169	
174	
187	
164	
192	
185	
163	
119	
114	
210	
159	
185	
167	
181	
173	
166	
175	
191	
181	
198	
157	
184	
214	
204	
298	
174	
286	
116	
180	
196	
184	
189	
251	
175	
286	
159	
187	
179	
178	
192	
190	
168	
179	
201	
221	
172	
170	
173	
164	
185	
167	
185	
210	
177	
288	
172	
176	
166	
169	
162	
208	
254	
169	
163	
186	
165	
183	
196	
206	
284	
168	
169	
168	
183	
122	
196	
166	
178	
178	
177	
200	
198	
208	
164	
169	
184	
185	
205	
1203	
187	
140	
185	
370	
169	
222	
172	
193	
168	
186	
175	
187	
125	
243	
247	
251	
172	
169	
166	
184	
182	
119	
174	
221	
201	
237	
152	
198	
195	
168	
186	
165	
167	
160	
118	
116	
125	
166	
153	
194	
202	
220	
201	
167	
185	
167	
195	
168	
185	
179	
174	
173	
193	
170	
185	
187	
158	
184	
165	
195	
188	
161	
189	
160	
177	
180	
278	
171	
201	
184	
136	
113	
114	
194	
209	
178	
199	
200	
197	
154	
173	
158	
166	
167	
120	
113	
117	
166	
167	
185	
204	
202	
221	
173	
182	
188	
152	
357	
177	
115	
232	
178	
303	
202	
166	
167	
184	
180	
169	
112	
166	
198	
165	
183	
184	
166	
230	
177	
217	
129	
122	
217	
164	
152	
184	
163	
230	
172	
320	
213	
172	
183	
190	
172	
200	
186	
180	
197	
176	
172	
189	
170	
164	
184	
164	
139	
114	
114	
219	
186	
184	
152	
191	
206	
214	
202	
173	
165	
116	
171	
166	
153	
217	
189	
289	
197	
255	
187	
169	
159	
171	
115	
172	
165	
168	
166	
185	
184	
223	
205	
253	
203	
183	
210	
189	
209	
178	
237	
203	
197	
221	
165	
118	
178	
172	
171	
192	
178	
238	
172	
174	
159	
185	
190	
149	
165	
133	
117	
113	
186	
219	
162	
177	
186	
202	
188	
172	
182	
167	
183	
180	
165	
199	
304	
327	
173	
184	
167	
184	
184	
169	
163	
161	
118	
114	
118	
166	
183	
173	
217	
201	
216	
172	
181	
175	
1188	
165	
164	
207	
187	
178	
203	
195	
165	
190	
189	
121	
191	
198	
166	
182	
179	
165	
183	
207	
188	
220	
191	
231	
165	
184	
179	
167	
192	
178	
209	
175	
171	
188	
211	
117	
111	
175	
177	
198	
177	
219	
172	
168	
167	
191	
180	
186	
245	
116	
113	
192	
170	
185	
196	
236	
214	
174	
192	
183	
175	
178	
159	
141	
218	
205	
286	
200	
181	
166	
136	
197	
118	
115	
152	
186	
165	
185	
147	
165	
178	
201	
172	
184	
184	
138	
116	
170	
166	
230	
196	
199	
184	
196	
193	
190	
164	
184	
118	
168	
169	
164	
158	
166	
183	
230	
200	
206	
216	
167	
165	
171	
170	
193	
190	
224	
233	
174	
251	
166	
185	
140	
171	
175	
120	
253	
203	
184	
184	
173	
231	
176	
193	
346	
165	
184	
135	
113	
121	
205	
181	
197	
325	
173	
187	
141	
162	
185	
185	
173	
121	
113	
227	
165	
167	
231	
173	
306	
152	
174	
189	
183	
184	
157	
118	
118	
182	
188	
188	
183	
184	
184	
201	
176	
164	
203	
186	
179	
170	
183	
169	
204	
177	
232	
222	
197	
161	
187	
167	
118	
189	
317	
177	
294	
200	
201	
154	
185	
171	
163	
164	
180	
118	
166	
147	
176	
159	
228	
195	
271	
202	
199	
145	
184	
387	
220	
116	
193	
223	
198	
180	
172	
167	
184	
178	
129	
113	
114	
202	
165	
184	
182	
178	
196	
181	
196	
176	
191	
169	
169	
171	
183	
167	
189	
167	
268	
213	
197	
210	
164	
164	
182	
202	
181	
222	
189	
194	
187	
156	
181	
214	
202	
291	
223	
173	
188	
140	
172	
188	
164	
118	
116	
157	
143	
153	
187	
209	
175	
279	
173	
217	
169	
187	
178	
172	
217	
200	
224	
177	
173	
169	
167	
168	
163	
172	
183	
188	
177	
177	
187	
182	
224	
184	
312	
174	
177	
157	
187	
167	
245	
184	
182	
168	
195	
167	
181	
196	
288	
246	
186	
225	
117	
189	
163	
168	
162	
195	
202	
177	
180	
196	
170	
186	
182	
193	
180	
207	
208	
188	
178	
170	
167	
163	
186	
216	
185	
203	
173	
122	
189	
229	
169	
185	
177	
194	
201	
167	
184	
168	
172	
181	
182	
190	
186	
153	
166	
184	
226	
194	
294	
199	
172	
173	
186	
125	
162	
182	
205	
207	
169	
220	
147	
176	
117	
294	
175	
196	
284	
183	
174	
180	
168	
197	
172	
172	
211	
167	
116	
191	
164	
170	
177	
180	
173	
263	
172	
166	
167	
185	
179	
184	
180	
181	
253	
204	
154	
161	
165	
162	
181	
182	
192	
178	
324	
204	
201	
144	
168	
156	
181	
126	
147	
188	
357	
161	
169	
165	
193	
188	
188	
169	
125	
122	
112	
365	
166	
180	
229	
177	
291	
217	
183	
187	
168	
177	
166	
173	
197	
157	
184	
182	
166	
190	
204	
327	
172	
192	
186	
167	
130	
167	
113	
167	
211	
178	
180	
169	
166	
167	
184	
186	
163	
199	
192	
168	
189	
182	
223	
179	
168	
199	
194	
176	
142	
170	
120	
221	
215	
180	
178	
172	
190	
155	
168	
178	
169	
184	
230	
176	
283	
173	
174	
167	
185	
166	
143	
157	
186	
114	
172	
165	
182	
217	
177	
296	
171	
178	
168	
162	
182	
197	
168	
177	
170	
167	
290	
169	
166	
167	
175	
170	
173	
167	
201	
189	
222	
177	
210	
178	
179	
200	
144	
165	
169	
202	
160	
168	
166	
180	
187	
182	
163	
212	
176	
323	
190	
166	
186	
183	
122	
122	
121	
190	
181	
325	
171	
174	
170	
182	
163	
166	
165	
183	
175	
119	
173	
168	
148	
168	
200	
202	
177	
172	
259	
119	
111	
167	
193	
160	
191	
225	
220	
201	
192	
121	
116	
166	
181	
174	
227	
175	
168	
162	
162	
163	
199	
167	
174	
187	
202	
181	
165	
187	
178	
144	
184	
178	
1188	
165	
185	
167	
142	
208	
176	
385	
197	
195	
167	
183	
177	
234	
172	
229	
158	
177	
170	
164	
193	
167	
165	
184	
177	
210	
177	
176	
167	
161	
216	
180	
240	
171	
176	
166	
185	
211	
140	
163	
217	
193	
236	
173	
187	
177	
189	
186	
189	
354	
172	
1241	
209	
186	
227	
182	
320	
174	
151	
413	
181	
175	
178	
189	
225	
174	
274	
154	
176	
165	
207	
187	
163	
120	
112	
115	
169	
166	
183	
179	
207	
181	
327	
128	
175	
177	
167	
169	
184	
190	
224	
192	
174	
214	
166	
170	
217	
119	
167	
197	
176	
176	
291	
167	
184	
184	
170	
183	
191	
182	
172	
166	
207	
165	
224	
173	
277	
171	
178	
164	
166	
185	
188	
221	
174	
291	
172	
294	
166	
168	
183	
185	
206	
202	
204	
194	
199	
188	
139	
164	
122	
113	
180	
172	
245	
234	
306	
174	
199	
171	
176	
141	
189	
171	
180	
170	
167	
168	
212	
222	
260	
201	
170	
187	
196	
165	
172	
191	
168	
170	
277	
200	
175	
194	
166	
142	
138	
167	
183	
169	
185	
123	
167	
161	
200	
176	
175	
175	
170	
183	
188	
165	
181	
194	
171	
201	
167	
220	
170	
218	
155	
232	
170	
190	
187	
160	
185	
191	
186	
169	
261	
175	
133	
117	
176	
247	
167	
210	
185	
181	
258	
196	
177	
205	
189	
186	
123	
185	
176	
145	
241	
179	
182	
193	
194	
193	
188	
192	
183	
377	
240	
116	
175	
145	
189	
169	
238	
243	
187	
161	
117	
126	
201	
165	
233	
173	
280	
171	
207	
163	
190	
176	
180	
208	
181	
191	
173	
171	
167	
182	
184	
241	
187	
188	
179	
118	
174	
165	
207	
218	
201	
219	
172	
186	
114	
164	
186	
184	
189	
214	
177	
268	
200	
182	
188	
215	
187	
124	
193	
161	
206	
205	
201	
171	
174	
167	
184	
179	
188	
182	
177	
177	
177	
171	
170	
178	
164	
186	
183	
259	
182	
176	
198	
195	
243	
199	
176	
154	
167	
189	
188	
184	
165	
192	
181	
200	
206	
185	
183	
190	
181	
170	
174	
193	
184	
163	
181	
178	
213	
157	
239	
178	
276	
180	
171	
189	
197	
199	
201	
185	
124	
116	
168	
186	
218	
174	
285	
178	
211	
186	
199	
182	
127	
116	
111	
172	
189	
204	
171	
168	
170	
176	
189	
188	
167	
240	
189	
197	
176	
221	
194	
179	
190	
186	
182	
166	
224	
176	
1309	
194	
202	
225	
173	
171	
168	
158	
161	
165	
182	
170	
182	
116	
126	
178	
170	
213	
683	
927	
184	
181	
163	
179	
172	
169	
171	
170	
221	
171	
181	
220	
182	
181	
220	
191	
181	
184	
119	
125	
113	
162	
111	
158	
110	
158	
263	
120	
111	
162	
115	
207	
201	
117	
113	
117	
113	
114	
111	
113	
175	
172	
118	
206	
125	
116	
166	
119	
176	
174	
173	
114	
178	
201	
173	
168	
170	
199	
202	
164	
118	
358	
167	
116	
115	
117	
135	
162	
137	
172	
163	
284	
161	
164	
249	
120	
218	
175	
289	
182	
222	
125	
180	
206	
197	
186	
243	
199	
151	
172	
251	
186	
198	
170	
186	
116	
115	
201	
203	
197	
214	
196	
217	
182	
185	
167	
202	
223	
177	
317	
200	
195	
200	
185	
187	
182	
175	
174	
118	
161	
113	
188	
153	
154	
282	
175	
235	
171	
167	
166	
160	
162	
172	
177	
197	
360	
177	
399	
198	
196	
149	
142	
187	
193	
186	
170	
115	
174	
175	
243	
175	
452	
200	
176	
187	
190	
183	
166	
186	
117	
115	
224	
211	
298	
197	
173	
166	
188	
139	
181	
170	
167	
167	
165	
188	
230	
203	
176	
256	
117	
112	
184	
170	
188	
199	
201	
201	
214	
129	
180	
166	
191	
165	
166	
187	
235	
281	
174	
269	
167	
166	
169	
188	
184	
168	
169	
226	
174	
347	
181	
193	
192	
151	
187	
183	
232	
117	
213	
164	
244	
175	
360	
202	
199	
186	
186	
117	
164	
168	
205	
184	
176	
178	
173	
189	
184	
169	
141	
161	
118	
117	
145	
224	
214	
255	
251	
170	
167	
188	
140	
173	
181	
195	
119	
112	
195	
240	
295	
206	
197	
217	
162	
185	
170	
172	
184	
179	
113	
113	
168	
162	
200	
163	
281	
200	
214	
164	
182	
177	
187	
153	
263	
223	
298	
172	
199	
125	
117	
115	
112	
172	
156	
205	
192	
179	
173	
199	
188	
184	
181	
171	
125	
115	
113	
215	
310	
260	
225	
228	
189	
367	
454	
165	
295	
121	
117	
113	
246	
135	
200	
181	
152	
377	
138	
119	
160	
163	
178	
167	
167	
162	
201	
188	
319	
188	
184	
174	
147	
139	
344	
115	
167	
143	
124	
203	
408	
173	
169	
166	
163	
187	
155	
174	
171	
116	
112	
169	
122	
145	
125	
203	
167	
174	
139	
164	
166	
162	
197	
182	
173	
190	
134	
131	
130	
209	
166	
176	
226	
165	
469	
175	
197	
291	
173	
169	
166	
162	
145	
171	
186	
256	
177	
192	
186	
183	
240	
204	
149	
155	
117	
197	
165	
184	
181	
117	
168	
161	
185	
236	
167	
181	
143	
126	
119	
197	
189	
140	
203	
175	
149	
193	
138	
151	
138	
137	
134	
139	
118	
113	
115	
193	
207	
134	
120	
158	
171	
167	
197	
165	
157	
183	
201	
191	
191	
236	
187	
146	
172	
165	
186	
146	
160	
162	
171	
133	
166	
139	
232	
240	
123	
120	
158	
131	
129	
134	
150	
175	
178	
179	
188	
224	
196	
177	
196	
168	
177	
185	
166	
167	
125	
171	
166	
590	
207	
171	
164	
169	
166	
162	
132	
165	
157	
184	
183	
165	
171	
176	
161	
205	
169	
169	
141	
141	
169	
186	
184	
136	
121	
179	
214	
159	
280	
170	
169	
146	
163	
149	
163	
177	
194	
120	
112	
184	
188	
183	
172	
182	
330	
176	
158	
166	
184	
162	
166	
135	
116	
113	
175	
165	
152	
175	
253	
171	
171	
168	
162	
161	
160	
180	
118	
175	
310	
183	
202	
175	
176	
170	
207	
151	
155	
119	
