5715,	
490,	
324,	
519,	
406,	
404,	
568,	
415,	
858,	
542,	
777,	
545,	
1071,	
717,	
593,	
1760,	
488,	
550,	
568,	
656,	
577,	
481,	
472,	
519,	
476,	
454,	
527,	
546,	
394,	
365,	
1933,	
417,	
351,	
570,	
585,	
529,	
708,	
785,	
570,	
554,	
680,	
598,	
555,	
621,	
501,	
514,	
515,	
682,	
445,	
463,	
515,	
516,	
593,	
481,	
652,	
502,	
573,	
1835,	
484,	
505,	
459,	
461,	
463,	
562,	
502,	
735,	
877,	
473,	
310,	
304,	
300,	
321,	
531,	
675,	
603,	
464,	
664,	
525,	
445,	
487,	
488,	
505,	
494,	
661,	
468,	
324,	
488,	
468,	
490,	
507,	
468,	
511,	
667,	
522,	
528,	
532,	
467,	
514,	
669,	
546,	
451,	
410,	
422,	
528,	
630,	
534,	
749,	
371,	
337,	
557,	
483,	
406,	
479,	
531,	
555,	
566,	
518,	
688,	
547,	
353,	
514,	
483,	
474,	
548,	
591,	
490,	
548,	
660,	
352,	
1531,	
465,	
510,	
513,	
529,	
519,	
497,	
605,	
812,	
348,	
357,	
1529,	
466,	
497,	
554,	
651,	
634,	
500,	
668,	
570,	
392,	
1684,	
508,	
483,	
440,	
528,	
601,	
511,	
508,	
603,	
551,	
414,	
392,	
614,	
316,	
681,	
574,	
623,	
1024,	
630,	
903,	
467,	
480,	
681,	
529,	
577,	
725,	
513,	
751,	
589,	
518,	
778,	
576,	
531,	
586,	
460,	
517,	
571,	
1545,	
457,	
403,	
512,	
578,	
512,	
502,	
552,	
508,	
510,	
442,	
526,	
513,	
1534,	
559,	
613,	
650,	
475,	
772,	
517,	
477,	
440,	
436,	
429,	
520,	
585,	
520,	
525,	
347,	
635,	
637,	
554,	
447,	
592,	
722,	
575,	
508,	
416,	
418,	
365,	
524,	
1510,	
499,	
455,	
395,	
523,	
686,	
637,	
516,	
683,	
517,	
514,	
489,	
328,	
323,	
319,	
502,	
552,	
547,	
526,	
519,	
774,	
452,	
506,	
483,	
499,	
500,	
579,	
327,	
541,	
536,	
421,	
492,	
619,	
608,	
522,	
555,	
513,	
477,	
526,	
464,	
751,	
519,	
516,	
475,	
473,	
419,	
494,	
446,	
527,	
508,	
574,	
857,	
538,	
594,	
492,	
640,	
349,	
381,	
595,	
618,	
731,	
504,	
541,	
510,	
693,	
326,	
325,	
502,	
580,	
593,	
485,	
608,	
664,	
438,	
524,	
488,	
463,	
490,	
461,	
614,	
325,	
327,	
469,	
578,	
571,	
657,	
594,	
518,	
677,	
536,	
443,	
451,	
542,	
507,	
1586,	
571,	
541,	
515,	
455,	
635,	
495,	
512,	
489,	
514,	
489,	
504,	
383,	
518,	
473,	
478,	
531,	
661,	
585,	
462,	
491,	
499,	
511,	
467,	
493,	
438,	
559,	
2306,	
526,	
508,	
487,	
571,	
528,	
478,	
508,	
545,	
342,	
422,	
497,	
493,	
406,	
489,	
703,	
803,	
537,	
638,	
568,	
483,	
435,	
728,	
507,	
424,	
488,	
537,	
651,	
519,	
513,	
705,	
516,	
499,	
473,	
478,	
453,	
526,	
507,	
1622,	
357,	
433,	
535,	
679,	
567,	
516,	
662,	
460,	
511,	
413,	
540,	
563,	
334,	
325,	
589,	
473,	
539,	
481,	
523,	
581,	
539,	
555,	
442,	
470,	
508,	
506,	
491,	
1534,	
428,	
851,	
563,	
557,	
482,	
478,	
501,	
522,	
369,	
564,	
739,	
519,	
525,	
495,	
464,	
504,	
470,	
683,	
759,	
526,	
993,	
453,	
508,	
487,	
566,	
487,	
535,	
518,	
553,	
535,	
568,	
470,	
520,	
511,	
505,	
492,	
520,	
524,	
1550,	
449,	
485,	
355,	
869,	
921,	
515,	
589,	
587,	
564,	
516,	
448,	
630,	
609,	
696,	
633,	
506,	
1118,	
537,	
516,	
458,	
506,	
795,	
552,	
487,	
525,	
581,	
441,	
512,	
495,	
498,	
394,	
348,	
484,	
585,	
546,	
645,	
518,	
678,	
500,	
516,	
468,	
493,	
347,	
536,	
529,	
511,	
337,	
507,	
531,	
656,	
520,	
490,	
610,	
531,	
496,	
514,	
461,	
479,	
479,	
539,	
496,	
474,	
527,	
509,	
515,	
672,	
484,	
514,	
545,	
350,	
491,	
535,	
1625,	
546,	
574,	
494,	
557,	
517,	
519,	
420,	
512,	
696,	
336,	
523,	
440,	
448,	
551,	
756,	
462,	
472,	
500,	
631,	
336,	
317,	
408,	
552,	
530,	
569,	
497,	
508,	
484,	
422,	
523,	
457,	
444,	
451,	
486,	
327,	
556,	
518,	
491,	
661,	
522,	
796,	
517,	
442,	
527,	
463,	
492,	
537,	
522,	
332,	
402,	
485,	
521,	
560,	
461,	
656,	
515,	
529,	
507,	
519,	
510,	
562,	
411,	
642,	
331,	
473,	
502,	
500,	
475,	
493,	
736,	
446,	
515,	
499,	
422,	
497,	
475,	
576,	
328,	
522,	
582,	
401,	
472,	
500,	
676,	
570,	
624,	
561,	
510,	
475,	
463,	
632,	
484,	
326,	
333,	
589,	
457,	
606,	
525,	
486,	
478,	
473,	
440,	
474,	
464,	
485,	
387,	
469,	
465,	
472,	
533,	
457,	
521,	
513,	
524,	
501,	
463,	
486,	
623,	
524,	
491,	
453,	
473,	
662,	
514,	
682,	
448,	
495,	
463,	
533,	
479,	
487,	
407,	
840,	
340,	
1678,	
356,	
551,	
730,	
494,	
712,	
537,	
510,	
493,	
494,	
497,	
477,	
564,	
581,	
536,	
564,	
558,	
574,	
522,	
509,	
449,	
501,	
560,	
476,	
563,	
547,	
568,	
525,	
544,	
500,	
495,	
662,	
627,	
514,	
593,	
523,	
522,	
464,	
498,	
557,	
511,	
516,	
533,	
559,	
511,	
657,	
687,	
481,	
700,	
548,	
348,	
537,	
327,	
451,	
497,	
541,	
595,	
542,	
505,	
660,	
470,	
535,	
517,	
441,	
496,	
577,	
578,	
805,	
483,	
592,	
467,	
6167,	
480,	
477,	
452,	
639,	
558,	
511,	
518,	
501,	
529,	
484,	
396,	
489,	
482,	
574,	
535,	
564,	
614,	
506,	
538,	
465,	
512,	
526,	
497,	
1391,	
463,	
514,	
610,	
543,	
664,	
589,	
534,	
494,	
460,	
513,	
482,	
504,	
492,	
559,	
395,	
533,	
554,	
579,	
483,	
458,	
510,	
435,	
406,	
467,	
1026,	
646,	
564,	
452,	
591,	
439,	
536,	
538,	
506,	
513,	
557,	
514,	
517,	
468,	
483,	
502,	
542,	
529,	
736,	
534,	
519,	
516,	
530,	
511,	
473,	
482,	
474,	
392,	
328,	
331,	
1609,	
508,	
344,	
571,	
602,	
546,	
469,	
473,	
510,	
519,	
478,	
517,	
407,	
327,	
324,	
329,	
564,	
607,	
581,	
526,	
537,	
563,	
517,	
468,	
473,	
477,	
468,	
576,	
493,	
325,	
607,	
555,	
537,	
559,	
455,	
652,	
522,	
519,	
515,	
501,	
472,	
561,	
325,	
314,	
317,	
612,	
452,	
409,	
530,	
566,	
688,	
458,	
553,	
512,	
503,	
526,	
472,	
548,	
474,	
546,	
434,	
603,	
539,	
586,	
522,	
533,	
517,	
572,	
543,	
524,	
704,	
499,	
479,	
466,	
461,	
690,	
713,	
518,	
568,	
530,	
501,	
490,	
407,	
502,	
534,	
517,	
330,	
358,	
590,	
791,	
523,	
764,	
553,	
527,	
493,	
496,	
424,	
504,	
528,	
486,	
569,	
629,	
540,	
514,	
521,	
673,	
564,	
495,	
480,	
462,	
495,	
692,	
472,	
1623,	
530,	
507,	
602,	
546,	
510,	
497,	
432,	
588,	
428,	
519,	
462,	
354,	
322,	
333,	
541,	
584,	
520,	
518,	
588,	
411,	
496,	
904,	
495,	
589,	
475,	
510,	
525,	
467,	
540,	
446,	
700,	
515,	
470,	
507,	
501,	
468,	
351,	
478,	
557,	
500,	
573,	
521,	
544,	
508,	
812,	
447,	
613,	
336,	
327,	
569,	
482,	
518,	
517,	
512,	
458,	
535,	
510,	
490,	
436,	
516,	
497,	
534,	
474,	
330,	
569,	
560,	
460,	
529,	
630,	
531,	
511,	
351,	
506,	
708,	
461,	
507,	
534,	
680,	
677,	
519,	
647,	
428,	
514,	
441,	
435,	
491,	
697,	
328,	
332,	
551,	
630,	
644,	
526,	
695,	
524,	
524,	
449,	
533,	
470,	
1514,	
480,	
480,	
499,	
554,	
711,	
521,	
514,	
528,	
495,	
519,	
468,	
539,	
508,	
499,	
411,	
506,	
566,	
522,	
562,	
506,	
520,	
532,	
533,	
501,	
524,	
523,	
613,	
515,	
517,	
449,	
581,	
504,	
483,	
457,	
566,	
767,	
564,	
528,	
563,	
712,	
502,	
524,	
399,	
562,	
347,	
328,	
348,	
508,	
541,	
659,	
620,	
520,	
718,	
469,	
532,	
489,	
485,	
379,	
3584,	
587,	
551,	
524,	
523,	
517,	
565,	
608,	
501,	
448,	
470,	
503,	
520,	
333,	
576,	
1566,	
625,	
598,	
549,	
435,	
545,	
523,	
540,	
508,	
473,	
458,	
581,	
512,	
533,	
502,	
458,	
521,	
674,	
479,	
522,	
489,	
469,	
489,	
484,	
401,	
571,	
328,	
441,	
425,	
491,	
515,	
595,	
493,	
513,	
675,	
513,	
487,	
485,	
755,	
467,	
493,	
544,	
470,	
571,	
541,	
557,	
504,	
520,	
506,	
469,	
510,	
481,	
530,	
490,	
1765,	
467,	
509,	
528,	
580,	
519,	
616,	
521,	
547,	
334,	
326,	
593,	
579,	
598,	
571,	
549,	
635,	
421,	
505,	
496,	
481,	
491,	
348,	
475,	
497,	
1618,	
523,	
580,	
501,	
547,	
556,	
521,	
488,	
504,	
493,	
471,	
541,	
507,	
1585,	
495,	
415,	
582,	
577,	
547,	
523,	
740,	
619,	
379,	
327,	
580,	
438,	
537,	
713,	
701,	
595,	
817,	
583,	
505,	
425,	
498,	
600,	
571,	
471,	
550,	
691,	
579,	
442,	
857,	
512,	
492,	
510,	
529,	
470,	
586,	
567,	
566,	
530,	
870,	
545,	
500,	
499,	
505,	
505,	
575,	
451,	
502,	
586,	
653,	
556,	
514,	
708,	
558,	
504,	
508,	
479,	
498,	
1088,	
390,	
513,	
356,	
463,	
476,	
406,	
935,	
747,	
497,	
854,	
513,	
478,	
483,	
458,	
323,	
493,	
461,	
467,	
673,	
891,	
567,	
797,	
523,	
505,	
418,	
486,	
639,	
525,	
480,	
535,	
521,	
663,	
628,	
529,	
671,	
469,	
541,	
330,	
467,	
480,	
463,	
572,	
558,	
554,	
524,	
539,	
583,	
534,	
580,	
354,	
500,	
676,	
597,	
512,	
649,	
519,	
525,	
582,	
510,	
714,	
571,	
508,	
444,	
627,	
559,	
524,	
510,	
633,	
505,	
488,	
486,	
454,	
432,	
332,	
476,	
335,	
478,	
546,	
670,	
528,	
750,	
521,	
459,	
497,	
501,	
468,	
435,	
520,	
358,	
1374,	
481,	
410,	
533,	
673,	
637,	
486,	
769,	
516,	
493,	
501,	
455,	
320,	
480,	
325,	
491,	
488,	
502,	
718,	
613,	
504,	
688,	
487,	
383,	
321,	
622,	
482,	
483,	
550,	
530,	
569,	
529,	
609,	
506,	
512,	
412,	
469,	
489,	
470,	
689,	
468,	
619,	
572,	
552,	
474,	
610,	
491,	
522,	
484,	
491,	
483,	
437,	
344,	
463,	
492,	
528,	
641,	
526,	
593,	
528,	
570,	
479,	
617,	
497,	
561,	
470,	
536,	
541,	
502,	
613,	
500,	
534,	
488,	
484,	
580,	
574,	
585,	
733,	
479,	
765,	
524,	
537,	
556,	
760,	
620,	
528,	
467,	
483,	
494,	
520,	
569,	
591,	
479,	
620,	
511,	
527,	
491,	
524,	
346,	
419,	
488,	
536,	
765,	
559,	
540,	
508,	
522,	
505,	
420,	
500,	
521,	
352,	
335,	
325,	
489,	
456,	
531,	
545,	
511,	
515,	
465,	
490,	
495,	
490,	
430,	
530,	
496,	
1566,	
466,	
619,	
621,	
525,	
679,	
506,	
506,	
497,	
475,	
491,	
478,	
482,	
529,	
500,	
560,	
557,	
535,	
559,	
470,	
511,	
472,	
551,	
512,	
546,	
548,	
550,	
528,	
597,	
554,	
523,	
459,	
489,	
496,	
608,	
552,	
534,	
522,	
681,	
553,	
485,	
498,	
532,	
541,	
1572,	
517,	
713,	
509,	
510,	
600,	
512,	
507,	
506,	
494,	
519,	
459,	
522,	
528,	
481,	
482,	
458,	
560,	
657,	
546,	
516,	
600,	
510,	
508,	
467,	
492,	
508,	
510,	
566,	
565,	
558,	
510,	
526,	
644,	
511,	
492,	
503,	
498,	
437,	
742,	
329,	
476,	
491,	
563,	
627,	
599,	
516,	
747,	
445,	
505,	
434,	
349,	
469,	
537,	
497,	
1584,	
528,	
712,	
510,	
731,	
493,	
537,	
500,	
349,	
464,	
512,	
540,	
503,	
592,	
571,	
553,	
552,	
754,	
466,	
495,	
491,	
506,	
480,	
553,	
447,	
509,	
735,	
646,	
514,	
683,	
527,	
360,	
347,	
448,	
461,	
490,	
570,	
666,	
448,	
464,	
541,	
500,	
498,	
479,	
509,	
482,	
487,	
483,	
469,	
450,	
521,	
579,	
484,	
448,	
722,	
471,	
505,	
473,	
585,	
466,	
337,	
475,	
455,	
898,	
636,	
504,	
848,	
529,	
448,	
357,	
428,	
498,	
486,	
319,	
1612,	
505,	
475,	
528,	
573,	
516,	
493,	
542,	
524,	
505,	
477,	
501,	
426,	
567,	
538,	
570,	
608,	
509,	
512,	
481,	
498,	
480,	
466,	
686,	
631,	
494,	
769,	
457,	
520,	
514,	
497,	
493,	
670,	
680,	
495,	
729,	
527,	
519,	
491,	
459,	
613,	
550,	
489,	
554,	
635,	
561,	
458,	
708,	
444,	
511,	
475,	
497,	
452,	
393,	
676,	
521,	
539,	
565,	
687,	
587,	
524,	
652,	
504,	
501,	
502,	
503,	
482,	
618,	
526,	
482,	
490,	
467,	
510,	
570,	
542,	
524,	
531,	
946,	
433,	
523,	
722,	
470,	
1850,	
451,	
474,	
819,	
795,	
542,	
741,	
507,	
521,	
416,	
480,	
560,	
510,	
498,	
507,	
419,	
620,	
758,	
514,	
667,	
432,	
505,	
420,	
471,	
539,	
447,	
484,	
458,	
709,	
525,	
492,	
471,	
513,	
818,	
449,	
703,	
316,	
326,	
1531,	
475,	
489,	
704,	
484,	
673,	
530,	
492,	
382,	
337,	
325,	
331,	
596,	
490,	
465,	
581,	
581,	
525,	
574,	
508,	
495,	
553,	
540,	
635,	
540,	
503,	
510,	
479,	
458,	
539,	
568,	
506,	
519,	
763,	
530,	
490,	
421,	
375,	
332,	
520,	
537,	
806,	
514,	
696,	
517,	
522,	
468,	
461,	
528,	
530,	
719,	
512,	
501,	
522,	
472,	
349,	
564,	
803,	
466,	
641,	
565,	
511,	
480,	
496,	
560,	
508,	
455,	
504,	
476,	
421,	
578,	
509,	
486,	
506,	
484,	
499,	
460,	
769,	
432,	
321,	
538,	
515,	
523,	
535,	
540,	
542,	
489,	
500,	
502,	
465,	
470,	
523,	
486,	
569,	
508,	
515,	
558,	
481,	
654,	
516,	
508,	
696,	
475,	
650,	
646,	
511,	
500,	
514,	
546,	
442,	
505,	
360,	
322,	
604,	
422,	
500,	
495,	
491,	
671,	
830,	
369,	
692,	
744,	
650,	
507,	
518,	
562,	
712,	
691,	
594,	
924,	
489,	
537,	
596,	
499,	
1682,	
521,	
499,	
516,	
913,	
677,	
656,	
597,	
510,	
471,	
493,	
451,	
560,	
700,	
732,	
510,	
814,	
520,	
516,	
567,	
485,	
482,	
534,	
800,	
508,	
594,	
685,	
444,	
498,	
483,	
359,	
539,	
397,	
329,	
317,	
605,	
519,	
474,	
487,	
650,	
528,	
575,	
504,	
568,	
530,	
537,	
381,	
486,	
2877,	
520,	
572,	
573,	
523,	
696,	
533,	
550,	
485,	
495,	
442,	
493,	
541,	
737,	
584,	
504,	
476,	
553,	
548,	
547,	
522,	
682,	
500,	
506,	
480,	
686,	
330,	
569,	
474,	
743,	
710,	
502,	
683,	
531,	
495,	
595,	
330,	
475,	
593,	
587,	
424,	
584,	
515,	
713,	
519,	
524,	
476,	
496,	
500,	
469,	
486,	
502,	
482,	
419,	
555,	
521,	
549,	
511,	
538,	
570,	
415,	
389,	
385,	
472,	
482,	
738,	
612,	
479,	
641,	
525,	
542,	
491,	
470,	
405,	
528,	
520,	
1671,	
715,	
603,	
503,	
531,	
568,	
530,	
529,	
467,	
500,	
474,	
584,	
532,	
1940,	
532,	
696,	
728,	
532,	
500,	
543,	
501,	
496,	
504,	
517,	
651,	
480,	
542,	
516,	
502,	
539,	
613,	
546,	
517,	
553,	
519,	
499,	
497,	
392,	
328,	
323,	
355,	
661,	
571,	
606,	
518,	
743,	
489,	
464,	
472,	
614,	
498,	
722,	
520,	
493,	
478,	
427,	
647,	
513,	
477,	
507,	
514,	
460,	
506,	
351,	
493,	
566,	
339,	
323,	
1523,	
499,	
499,	
513,	
452,	
710,	
785,	
521,	
744,	
518,	
614,	
461,	
512,	
335,	
1751,	
576,	
882,	
466,	
421,	
534,	
556,	
502,	
483,	
479,	
473,	
751,	
514,	
506,	
556,	
471,	
555,	
451,	
678,	
463,	
523,	
471,	
474,	
503,	
406,	
447,	
321,	
317,	
331,	
523,	
459,	
486,	
445,	
510,	
919,	
525,	
690,	
525,	
350,	
542,	
500,	
501,	
457,	
521,	
561,	
541,	
504,	
457,	
525,	
406,	
512,	
590,	
328,	
327,	
508,	
478,	
578,	
462,	
723,	
503,	
509,	
479,	
752,	
497,	
499,	
433,	
775,	
517,	
795,	
525,	
494,	
506,	
488,	
557,	
467,	
409,	
730,	
325,	
506,	
579,	
407,	
479,	
484,	
712,	
513,	
741,	
459,	
432,	
487,	
478,	
456,	
546,	
533,	
597,	
629,	
458,	
757,	
525,	
521,	
653,	
506,	
510,	
421,	
460,	
406,	
569,	
472,	
478,	
444,	
475,	
509,	
685,	
528,	
525,	
514,	
474,	
499,	
497,	
499,	
483,	
511,	
477,	
350,	
469,	
435,	
394,	
666,	
506,	
801,	
518,	
534,	
468,	
403,	
386,	
330,	
326,	
537,	
529,	
516,	
599,	
460,	
509,	
494,	
458,	
501,	
419,	
456,	
733,	
362,	
332,	
493,	
467,	
473,	
535,	
675,	
620,	
626,	
525,	
460,	
541,	
490,	
463,	
490,	
508,	
549,	
618,	
549,	
550,	
529,	
501,	
443,	
498,	
511,	
367,	
481,	
447,	
331,	
523,	
486,	
489,	
458,	
533,	
513,	
664,	
536,	
561,	
489,	
477,	
508,	
497,	
531,	
510,	
1601,	
470,	
487,	
482,	
566,	
538,	
529,	
740,	
642,	
555,	
1963,	
483,	
492,	
471,	
422,	
539,	
516,	
820,	
447,	
671,	
515,	
509,	
527,	
518,	
563,	
647,	
562,	
543,	
522,	
626,	
519,	
485,	
533,	
481,	
515,	
593,	
600,	
531,	
570,	
815,	
539,	
503,	
369,	
464,	
353,	
527,	
347,	
537,	
480,	
474,	
469,	
564,	
534,	
490,	
509,	
671,	
514,	
506,	
488,	
533,	
487,	
484,	
605,	
662,	
525,	
556,	
732,	
520,	
534,	
503,	
437,	
705,	
326,	
320,	
379,	
482,	
389,	
572,	
529,	
583,	
518,	
547,	
512,	
498,	
479,	
515,	
401,	
573,	
496,	
502,	
473,	
538,	
429,	
624,	
781,	
449,	
704,	
530,	
488,	
529,	
514,	
1662,	
649,	
688,	
682,	
520,	
760,	
514,	
560,	
442,	
530,	
479,	
611,	
483,	
484,	
497,	
473,	
462,	
500,	
652,	
664,	
518,	
691,	
526,	
519,	
563,	
324,	
535,	
506,	
529,	
514,	
493,	
533,	
520,	
538,	
560,	
474,	
480,	
410,	
533,	
331,	
484,	
478,	
501,	
467,	
633,	
604,	
532,	
595,	
514,	
509,	
486,	
542,	
482,	
666,	
604,	
544,	
520,	
694,	
501,	
536,	
453,	
447,	
483,	
506,	
387,	
336,	
517,	
465,	
473,	
473,	
481,	
529,	
551,	
522,	
683,	
507,	
505,	
497,	
403,	
326,	
318,	
507,	
457,	
474,	
488,	
479,	
507,	
691,	
630,	
527,	
692,	
529,	
493,	
482,	
493,	
446,	
484,	
535,	
499,	
756,	
519,	
529,	
503,	
523,	
466,	
524,	
480,	
575,	
516,	
537,	
515,	
510,	
511,	
517,	
489,	
348,	
471,	
585,	
495,	
574,	
576,	
543,	
546,	
524,	
723,	
528,	
886,	
513,	
526,	
490,	
763,	
542,	
507,	
479,	
497,	
507,	
503,	
506,	
508,	
681,	
617,	
535,	
660,	
556,	
452,	
531,	
413,	
504,	
517,	
534,	
549,	
987,	
657,	
533,	
440,	
513,	
481,	
412,	
479,	
594,	
515,	
555,	
1169,	
554,	
453,	
497,	
481,	
457,	
506,	
745,	
723,	
807,	
717,	
1616,	
503,	
529,	
461,	
496,	
491,	
535,	
609,	
852,	
809,	
529,	
469,	
553,	
504,	
361,	
492,	
498,	
541,	
482,	
431,	
667,	
527,	
756,	
503,	
516,	
486,	
549,	
528,	
564,	
527,	
532,	
504,	
741,	
487,	
330,	
511,	
537,	
616,	
548,	
519,	
777,	
523,	
813,	
519,	
518,	
465,	
549,	
514,	
559,	
397,	
829,	
524,	
500,	
500,	
433,	
500,	
486,	
500,	
464,	
489,	
457,	
441,	
577,	
586,	
516,	
467,	
742,	
526,	
516,	
531,	
497,	
595,	
568,	
508,	
555,	
509,	
725,	
437,	
505,	
478,	
431,	
464,	
528,	
351,	
327,	
336,	
478,	
488,	
455,	
537,	
521,	
685,	
514,	
430,	
493,	
552,	
484,	
601,	
494,	
1806,	
582,	
651,	
440,	
444,	
452,	
699,	
534,	
743,	
444,	
508,	
491,	
557,	
463,	
499,	
505,	
354,	
922,	
430,	
526,	
523,	
535,	
512,	
501,	
496,	
643,	
565,	
504,	
484,	
487,	
472,	
498,	
506,	
556,	
490,	
632,	
503,	
511,	
498,	
469,	
555,	
480,	
506,	
605,	
518,	
545,	
509,	
508,	
474,	
617,	
327,	
490,	
517,	
564,	
516,	
635,	
515,	
526,	
490,	
471,	
471,	
597,	
481,	
469,	
434,	
329,	
323,	
542,	
481,	
423,	
437,	
647,	
514,	
766,	
528,	
501,	
504,	
503,	
508,	
577,	
493,	
1640,	
607,	
688,	
517,	
489,	
652,	
532,	
489,	
489,	
474,	
413,	
326,	
512,	
1572,	
489,	
518,	
582,	
540,	
539,	
493,	
625,	
505,	
500,	
471,	
538,	
527,	
505,	
549,	
501,	
472,	
416,	
469,	
664,	
510,	
599,	
519,	
511,	
479,	
424,	
347,	
324,	
495,	
524,	
571,	
473,	
668,	
515,	
543,	
499,	
471,	
529,	
492,	
503,	
691,	
513,	
577,	
543,	
527,	
507,	
466,	
524,	
496,	
326,	
559,	
590,	
461,	
814,	
516,	
576,	
512,	
451,	
418,	
496,	
507,	
533,	
524,	
1563,	
467,	
505,	
478,	
754,	
813,	
477,	
499,	
650,	
580,	
1044,	
360,	
534,	
483,	
509,	
502,	
468,	
540,	
570,	
685,	
833,	
645,	
367,	
450,	
512,	
514,	
480,	
527,	
630,	
554,	
545,	
517,	
519,	
513,	
528,	
477,	
330,	
493,	
527,	
620,	
583,	
524,	
640,	
507,	
460,	
475,	
514,	
489,	
742,	
590,	
513,	
497,	
1031,	
522,	
520,	
509,	
471,	
493,	
516,	
484,	
475,	
469,	
460,	
465,	
509,	
521,	
562,	
517,	
783,	
517,	
482,	
480,	
521,	
553,	
752,	
808,	
659,	
723,	
572,	
611,	
570,	
822,	
691,	
1039,	
540,	
690,	
552,	
588,	
637,	
505,	
666,	
505,	
579,	
562,	
604,	
992,	
676,	
519,	
979,	
571,	
866,	
549,	
659,	
599,	
729,	
657,	
1079,	
591,	
525,	
414,	
591,	
477,	
592,	
505,	
527,	
477,	
497,	
474,	
405,	
472,	
388,	
347,	
384,	
335,	
477,	
477,	
432,	
480,	
574,	
575,	
644,	
508,	
810,	
572,	
520,	
343,	
589,	
538,	
561,	
485,	
514,	
474,	
487,	
531,	
480,	
525,	
469,	
741,	
495,	
551,	
489,	
448,	
576,	
709,	
735,	
496,	
658,	
514,	
492,	
534,	
696,	
507,	
313,	
493,	
479,	
460,	
455,	
515,	
469,	
588,	
805,	
764,	
407,	
369,	
464,	
355,	
490,	
491,	
586,	
528,	
665,	
539,	
513,	
477,	
479,	
487,	
505,	
684,	
604,	
480,	
703,	
522,	
486,	
566,	
427,	
477,	
488,	
547,	
483,	
432,	
495,	
435,	
419,	
652,	
731,	
510,	
745,	
554,	
632,	
488,	
502,	
494,	
481,	
652,	
587,	
614,	
710,	
519,	
361,	
468,	
478,	
458,	
585,	
664,	
563,	
520,	
759,	
459,	
508,	
478,	
518,	
482,	
519,	
761,	
706,	
518,	
790,	
530,	
518,	
474,	
477,	
512,	
572,	
618,	
552,	
516,	
572,	
511,	
500,	
741,	
364,	
329,	
2074,	
528,	
653,	
485,	
534,	
467,	
515,	
504,	
479,	
518,	
553,	
484,	
470,	
322,	
499,	
365,	
488,	
535,	
561,	
503,	
519,	
532,	
515,	
491,	
486,	
889,	
338,	
324,	
335,	
488,	
413,	
484,	
353,	
550,	
541,	
520,	
578,	
534,	
495,	
515,	
503,	
330,	
344,	
489,	
580,	
572,	
533,	
495,	
600,	
604,	
516,	
363,	
495,	
450,	
549,	
536,	
579,	
481,	
479,	
505,	
651,	
701,	
531,	
766,	
459,	
516,	
477,	
333,	
318,	
328,	
1705,	
550,	
715,	
561,	
497,	
484,	
464,	
507,	
474,	
499,	
440,	
463,	
488,	
522,	
489,	
350,	
427,	
644,	
518,	
722,	
528,	
513,	
475,	
500,	
501,	
498,	
491,	
319,	
1458,	
463,	
470,	
423,	
417,	
515,	
353,	
514,	
555,	
531,	
486,	
475,	
607,	
338,	
327,	
477,	
439,	
552,	
501,	
692,	
505,	
512,	
465,	
406,	
418,	
485,	
478,	
329,	
324,	
321,	
519,	
473,	
484,	
477,	
516,	
543,	
564,	
467,	
768,	
488,	
517,	
461,	
485,	
501,	
391,	
693,	
494,	
552,	
512,	
356,	
354,	
353,	
482,	
461,	
505,	
463,	
591,	
493,	
607,	
501,	
502,	
489,	
534,	
721,	
483,	
320,	
601,	
536,	
500,	
522,	
500,	
531,	
498,	
510,	
507,	
374,	
471,	
467,	
385,	
328,	
379,	
491,	
509,	
554,	
565,	
473,	
645,	
513,	
496,	
486,	
487,	
429,	
491,	
488,	
510,	
477,	
455,	
466,	
519,	
694,	
514,	
508,	
520,	
928,	
553,	
581,	
479,	
499,	
451,	
471,	
485,	
521,	
534,	
650,	
508,	
478,	
502,	
562,	
504,	
502,	
600,	
519,	
538,	
668,	
451,	
526,	
490,	
488,	
499,	
349,	
491,	
507,	
501,	
519,	
515,	
485,	
483,	
536,	
526,	
499,	
475,	
485,	
477,	
526,	
523,	
462,	
560,	
516,	
699,	
516,	
496,	
478,	
469,	
542,	
451,	
386,	
464,	
539,	
519,	
1604,	
451,	
471,	
578,	
504,	
649,	
507,	
506,	
370,	
491,	
381,	
505,	
3339,	
593,	
547,	
542,	
535,	
488,	
512,	
572,	
532,	
497,	
667,	
534,	
532,	
324,	
598,	
478,	
558,	
570,	
538,	
460,	
660,	
516,	
501,	
486,	
500,	
486,	
530,	
532,	
508,	
486,	
464,	
501,	
398,	
573,	
660,	
569,	
689,	
545,	
560,	
489,	
462,	
474,	
550,	
545,	
535,	
525,	
668,	
509,	
429,	
357,	
492,	
337,	
470,	
1637,	
578,	
637,	
529,	
529,	
453,	
527,	
532,	
502,	
487,	
461,	
455,	
4637,	
474,	
475,	
595,	
834,	
756,	
495,	
638,	
515,	
423,	
486,	
329,	
510,	
512,	
570,	
508,	
541,	
493,	
520,	
516,	
438,	
511,	
492,	
740,	
554,	
493,	
471,	
550,	
465,	
484,	
576,	
525,	
550,	
510,	
730,	
449,	
505,	
386,	
341,	
1673,	
668,	
663,	
600,	
511,	
721,	
472,	
509,	
476,	
496,	
532,	
533,	
493,	
585,	
472,	
494,	
532,	
549,	
540,	
541,	
814,	
507,	
360,	
1403,	
468,	
495,	
490,	
646,	
619,	
582,	
506,	
477,	
515,	
602,	
439,	
515,	
324,	
339,	
545,	
545,	
540,	
515,	
528,	
461,	
479,	
463,	
546,	
471,	
480,	
500,	
483,	
1547,	
477,	
389,	
647,	
531,	
584,	
638,	
562,	
450,	
533,	
630,	
559,	
368,	
333,	
623,	
473,	
502,	
433,	
456,	
747,	
527,	
541,	
535,	
641,	
496,	
469,	
332,	
327,	
315,	
437,	
519,	
700,	
481,	
636,	
468,	
512,	
384,	
503,	
324,	
592,	
647,	
532,	
554,	
430,	
487,	
478,	
505,	
467,	
546,	
475,	
377,	
342,	
473,	
485,	
487,	
486,	
489,	
657,	
740,	
546,	
803,	
523,	
496,	
474,	
410,	
331,	
379,	
342,	
585,	
583,	
717,	
438,	
606,	
471,	
497,	
414,	
374,	
550,	
502,	
566,	
530,	
501,	
413,	
455,	
683,	
593,	
523,	
700,	
507,	
500,	
469,	
441,	
456,	
541,	
511,	
439,	
407,	
355,	
509,	
539,	
560,	
576,	
538,	
833,	
440,	
513,	
388,	
497,	
504,	
695,	
871,	
515,	
725,	
576,	
486,	
451,	
484,	
464,	
1025,	
320,	
321,	
323,	
480,	
493,	
502,	
541,	
658,	
606,	
498,	
561,	
523,	
505,	
503,	
643,	
506,	
486,	
538,	
524,	
538,	
521,	
624,	
509,	
509,	
509,	
440,	
474,	
515,	
479,	
324,	
495,	
382,	
564,	
524,	
554,	
427,	
698,	
512,	
511,	
490,	
496,	
350,	
328,	
322,	
323,	
495,	
494,	
518,	
463,	
543,	
423,	
688,	
575,	
531,	
542,	
508,	
561,	
506,	
548,	
604,	
493,	
632,	
505,	
665,	
518,	
501,	
471,	
507,	
473,	
517,	
340,	
419,	
490,	
439,	
344,	
530,	
550,	
648,	
462,	
752,	
515,	
508,	
505,	
543,	
497,	
1693,	
441,	
650,	
501,	
653,	
513,	
518,	
477,	
744,	
505,	
514,	
451,	
519,	
556,	
672,	
497,	
505,	
418,	
502,	
465,	
490,	
488,	
729,	
389,	
321,	
331,	
433,	
505,	
659,	
454,	
609,	
546,	
517,	
504,	
422,	
494,	
489,	
467,	
536,	
623,	
578,	
515,	
692,	
457,	
519,	
500,	
475,	
504,	
486,	
520,	
515,	
653,	
513,	
537,	
340,	
577,	
618,	
698,	
522,	
486,	
477,	
459,	
493,	
499,	
427,	
362,	
580,	
517,	
672,	
633,	
552,	
438,	
729,	
336,	
332,	
585,	
688,	
521,	
751,	
663,	
512,	
425,	
502,	
465,	
504,	
494,	
426,	
528,	
471,	
509,	
507,	
445,	
560,	
538,	
653,	
512,	
486,	
484,	
454,	
603,	
425,	
330,	
327,	
364,	
477,	
583,	
513,	
727,	
525,	
506,	
509,	
456,	
478,	
468,	
505,	
538,	
331,	
328,	
489,	
485,	
523,	
519,	
470,	
467,	
466,	
473,	
512,	
484,	
502,	
405,	
394,	
532,	
623,	
547,	
589,	
503,	
523,	
473,	
497,	
534,	
553,	
504,	
546,	
595,	
590,	
459,	
469,	
493,	
472,	
495,	
506,	
523,	
406,	
500,	
506,	
514,	
643,	
449,	
813,	
528,	
535,	
480,	
459,	
504,	
479,	
513,	
464,	
340,	
490,	
442,	
496,	
475,	
474,	
621,	
521,	
628,	
524,	
557,	
470,	
502,	
387,	
320,	
363,	
628,	
590,	
467,	
606,	
439,	
527,	
471,	
471,	
511,	
481,	
503,	
463,	
570,	
327,	
448,	
491,	
427,	
477,	
964,	
557,	
579,	
524,	
556,	
483,	
473,	
476,	
531,	
512,	
1597,	
634,	
572,	
462,	
580,	
526,	
481,	
355,	
451,	
500,	
519,	
496,	
583,	
395,	
1593,	
472,	
506,	
508,	
514,	
498,	
532,	
484,	
599,	
572,	
396,	
373,	
330,	
541,	
486,	
530,	
449,	
509,	
497,	
497,	
505,	
433,	
470,	
410,	
346,	
331,	
320,	
531,	
482,	
631,	
629,	
737,	
556,	
526,	
514,	
468,	
470,	
411,	
497,	
455,	
534,	
521,	
506,	
419,	
461,	
412,	
513,	
459,	
698,	
545,	
504,	
481,	
452,	
403,	
565,	
335,	
1575,	
476,	
680,	
521,	
675,	
454,	
520,	
483,	
482,	
568,	
505,	
347,	
414,	
317,	
532,	
520,	
472,	
524,	
536,	
728,	
503,	
507,	
436,	
473,	
482,	
474,	
507,	
510,	
334,	
1562,	
634,	
526,	
777,	
544,	
501,	
500,	
501,	
451,	
565,	
348,	
474,	
517,	
332,	
432,	
558,	
490,	
569,	
473,	
585,	
438,	
361,	
466,	
452,	
682,	
463,	
474,	
514,	
497,	
485,	
481,	
623,	
553,	
513,	
672,	
520,	
524,	
607,	
513,	
523,	
594,	
547,	
568,	
573,	
579,	
526,	
506,	
511,	
486,	
546,	
645,	
575,	
524,	
654,	
524,	
503,	
502,	
472,	
483,	
326,	
1582,	
428,	
517,	
502,	
489,	
529,	
493,	
518,	
418,	
432,	
497,	
506,	
543,	
498,	
1786,	
469,	
386,	
567,	
518,	
549,	
532,	
515,	
630,	
572,	
445,	
908,	
594,	
443,	
579,	
529,	
513,	
513,	
587,	
446,	
509,	
491,	
571,	
465,	
566,	
329,	
318,	
616,	
540,	
608,	
603,	
546,	
618,	
521,	
496,	
506,	
494,	
487,	
638,	
497,	
322,	
497,	
475,	
415,	
551,	
527,	
571,	
539,	
552,	
537,	
465,	
510,	
703,	
431,	
317,	
1737,	
406,	
423,	
526,	
698,	
575,	
513,	
517,	
518,	
455,	
423,	
499,	
486,	
513,	
537,	
411,	
432,	
524,	
583,	
546,	
629,	
557,	
819,	
508,	
500,	
631,	
510,	
505,	
578,	
613,	
536,	
519,	
677,	
531,	
508,	
521,	
530,	
1596,	
562,	
540,	
515,	
523,	
628,	
435,	
517,	
512,	
491,	
498,	
347,	
534,	
547,	
498,	
486,	
545,	
679,	
453,	
472,	
522,	
471,	
534,	
497,	
481,	
509,	
501,	
647,	
673,	
610,	
439,	
629,	
563,	
459,	
478,	
510,	
489,	
491,	
605,	
320,	
478,	
479,	
559,	
735,	
521,	
683,	
527,	
512,	
781,	
497,	
454,	
891,	
507,	
319,	
576,	
362,	
449,	
467,	
649,	
611,	
528,	
652,	
402,	
499,	
526,	
488,	
439,	
482,	
539,	
503,	
498,	
527,	
581,	
677,	
704,	
464,	
550,	
513,	
625,	
640,	
519,	
803,	
390,	
555,	
500,	
485,	
504,	
519,	
575,	
538,	
519,	
579,	
513,	
500,	
484,	
527,	
587,	
515,	
510,	
483,	
573,	
745,	
526,	
690,	
530,	
515,	
581,	
553,	
325,	
508,	
531,	
889,	
525,	
529,	
583,	
516,	
493,	
358,	
538,	
452,	
402,	
323,	
479,	
538,	
569,	
558,	
577,	
494,	
685,	
514,	
488,	
428,	
478,	
439,	
703,	
2024,	
445,	
502,	
503,	
535,	
539,	
539,	
532,	
593,	
572,	
497,	
515,	
498,	
513,	
477,	
480,	
510,	
533,	
584,	
596,	
515,	
889,	
775,	
539,	
515,	
476,	
492,	
567,	
580,	
501,	
522,	
478,	
590,	
526,	
494,	
477,	
504,	
687,	
544,	
693,	
822,	
515,	
581,	
537,	
447,	
446,	
331,	
320,	
488,	
496,	
352,	
529,	
612,	
535,	
507,	
608,	
521,	
511,	
418,	
496,	
437,	
326,	
321,	
547,	
548,	
607,	
512,	
636,	
446,	
507,	
535,	
473,	
511,	
501,	
567,	
530,	
493,	
552,	
582,	
506,	
471,	
487,	
501,	
430,	
471,	
484,	
508,	
479,	
4745,	
364,	
616,	
510,	
689,	
574,	
560,	
500,	
531,	
458,	
499,	
481,	
495,	
332,	
529,	
771,	
461,	
674,	
421,	
499,	
401,	
497,	
493,	
403,	
549,	
462,	
482,	
536,	
478,	
541,	
508,	
470,	
606,	
514,	
641,	
485,	
523,	
425,	
504,	
490,	
604,	
352,	
330,	
529,	
470,	
462,	
542,	
510,	
594,	
492,	
489,	
503,	
448,	
465,	
538,	
533,	
489,	
349,	
511,	
347,	
614,	
511,	
667,	
502,	
521,	
470,	
471,	
480,	
530,	
735,	
517,	
503,	
431,	
519,	
519,	
770,	
521,	
501,	
416,	
453,	
504,	
485,	
513,	
542,	
492,	
544,	
510,	
472,	
513,	
599,	
519,	
504,	
470,	
466,	
506,	
495,	
500,	
572,	
479,	
563,	
673,	
524,	
609,	
515,	
512,	
422,	
484,	
492,	
473,	
476,	
472,	
492,	
504,	
484,	
579,	
623,	
738,	
513,	
534,	
589,	
506,	
457,	
483,	
512,	
399,	
471,	
510,	
494,	
486,	
413,	
547,	
503,	
545,	
461,	
499,	
485,	
469,	
845,	
731,	
506,	
447,	
480,	
410,	
434,	
533,	
498,	
671,	
431,	
541,	
467,	
717,	
419,	
727,	
514,	
513,	
486,	
498,	
594,	
502,	
643,	
547,	
505,	
460,	
484,	
460,	
378,	
349,	
336,	
547,	
463,	
733,	
522,	
708,	
345,	
349,	
385,	
320,	
383,	
378,	
326,	
516,	
385,	
484,	
517,	
401,	
655,	
510,	
609,	
506,	
340,	
335,	
412,	
449,	
563,	
351,	
571,	
682,	
1326,	
458,	
400,	
494,	
729,	
501,	
462,	
550,	
484,	
476,	
468,	
488,	
406,	
427,	
321,	
945,	
426,	
443,	
515,	
763,	
430,	
463,	
365,	
381,	
323,	
434,	
411,	
324,	
535,	
487,	
481,	
687,	
483,	
671,	
449,	
489,	
480,	
475,	
464,	
450,	
542,	
434,	
310,	
532,	
873,	
513,	
463,	
429,	
725,	
487,	
463,	
694,	
500,	
495,	
356,	
468,	
556,	
613,	
472,	
464,	
480,	
447,	
403,	
567,	
341,	
608,	
422,	
491,	
330,	
320,	
453,	
441,	
541,	
362,	
322,	
540,	
533,	
508,	
407,	
482,	
752,	
501,	
486,	
424,	
440,	
493,	
456,	
528,	
501,	
471,	
448,	
600,	
690,	
444,	
505,	
478,	
484,	
452,	
471,	
344,	
427,	
311,	
372,	
395,	
455,	
494,	
721,	
436,	
512,	
485,	
332,	
360,	
635,	
609,	
517,	
325,	
942,	
575,	
477,	
681,	
490,	
458,	
346,	
683,	
319,	
376,	
485,	
412,	
449,	
620,	
348,	
416,	
553,	
513,	
420,	
567,	
450,	
562,	
479,	
611,	
501,	
572,	
1032,	
367,	
349,	
493,	
573,	
325,	
515,	
508,	
608,	
554,	
319,	
701,	
776,	
510,	
705,	
525,	
505,	
444,	
495,	
453,	
589,	
400,	
334,	
319,	
502,	
452,	
467,	
553,	
859,	
566,	
461,	
524,	
534,	
495,	
473,	
478,	
690,	
965,	
525,	
524,	
390,	
493,	
460,	
517,	
383,	
640,	
383,	
423,	
338,	
463,	
383,	
485,	
520,	
344,	
481,	
470,	
344,	
582,	
485,	
564,	
347,	
502,	
422,	
498,	
664,	
476,	
465,	
439,	
756,	
531,	
432,	
477,	
400,	
474,	
503,	
472,	
482,	
503,	
525,	
400,	
515,	
481,	
653,	
512,	
355,	
327,	
452,	
537,	
731,	
346,	
472,	
581,	
658,	
489,	
456,	
690,	
438,	
504,	
483,	
480,	
520,	
478,	
530,	
510,	
535,	
343,	
329,	
549,	
450,	
442,	
472,	
515,	
511,	
509,	
414,	
423,	
685,	
400,	
440,	
422,	
534,	
429,	
417,	
3466,	
548,	
352,	
325,	
480,	
509,	
598,	
439,	
507,	
462,	
465,	
368,	
708,	
483,	
472,	
378,	
356,	
531,	
443,	
645,	
611,	
440,	
399,	
456,	
399,	
402,	
417,	
399,	
315,	
321,	
411,	
532,	
738,	
556,	
691,	
479,	
472,	
635,	
654,	
473,	
400,	
521,	
506,	
489,	
491,	
614,	
557,	
598,	
472,	
680,	
515,	
528,	
344,	
469,	
498,	
322,	
573,	
465,	
521,	
602,	
547,	
444,	
703,	
435,	
450,	
335,	
484,	
549,	
560,	
607,	
648,	
537,	
701,	
454,	
519,	
354,	
505,	
592,	
537,	
612,	
694,	
445,	
715,	
454,	
657,	
329,	
1557,	
461,	
526,	
677,	
528,	
642,	
460,	
503,	
430,	
474,	
347,	
464,	
578,	
518,	
632,	
548,	
474,	
559,	
532,	
680,	
517,	
531,	
445,	
520,	
476,	
413,	
323,	
316,	
329,	
555,	
462,	
474,	
456,	
652,	
696,	
509,	
625,	
451,	
433,	
449,	
415,	
472,	
327,	
545,	
494,	
475,	
554,	
530,	
495,	
499,	
553,	
438,	
520,	
472,	
472,	
341,	
497,	
330,	
495,	
469,	
516,	
605,	
637,	
556,	
849,	
469,	
522,	
465,	
507,	
1589,	
521,	
456,	
619,	
516,	
570,	
523,	
585,	
509,	
445,	
474,	
483,	
493,	
493,	
447,	
498,	
502,	
693,	
739,	
445,	
610,	
475,	
527,	
502,	
364,	
733,	
542,	
504,	
487,	
616,	
542,	
590,	
515,	
497,	
512,	
512,	
352,	
492,	
438,	
536,	
644,	
1847,	
637,	
549,	
648,	
593,	
478,	
504,	
500,	
466,	
496,	
485,	
779,	
334,	
326,	
530,	
514,	
419,	
529,	
697,	
521,	
485,	
439,	
688,	
501,	
491,	
480,	
480,	
363,	
536,	
543,	
523,	
457,	
622,	
523,	
497,	
513,	
546,	
531,	
1535,	
480,	
469,	
553,	
524,	
546,	
513,	
527,	
555,	
739,	
519,	
649,	
511,	
441,	
499,	
406,	
464,	
486,	
470,	
531,	
397,	
358,	
324,	
438,	
468,	
483,	
664,	
466,	
654,	
459,	
506,	
493,	
504,	
473,	
444,	
676,	
514,	
601,	
531,	
616,	
521,	
670,	
477,	
548,	
685,	
514,	
432,	
469,	
439,	
328,	
323,	
492,	
472,	
517,	
562,	
527,	
522,	
490,	
517,	
469,	
462,	
478,	
406,	
500,	
330,	
324,	
314,	
550,	
524,	
508,	
459,	
582,	
542,	
541,	
462,	
520,	
472,	
465,	
424,	
503,	
474,	
491,	
680,	
439,	
717,	
579,	
472,	
495,	
476,	
508,	
503,	
460,	
527,	
520,	
512,	
468,	
468,	
422,	
620,	
424,	
695,	
439,	
506,	
502,	
504,	
514,	
545,	
330,	
317,	
504,	
496,	
656,	
756,	
491,	
445,	
434,	
452,	
553,	
480,	
481,	
359,	
342,	
587,	
471,	
464,	
578,	
515,	
494,	
597,	
503,	
459,	
468,	
495,	
472,	
589,	
503,	
502,	
534,	
519,	
513,	
522,	
499,	
568,	
505,	
503,	
415,	
569,	
496,	
463,	
490,	
512,	
476,	
660,	
592,	
675,	
446,	
521,	
491,	
466,	
491,	
478,	
520,	
726,	
539,	
393,	
548,	
490,	
494,	
494,	
663,	
527,	
635,	
522,	
518,	
549,	
470,	
504,	
402,	
488,	
1615,	
466,	
458,	
558,	
417,	
633,	
446,	
547,	
493,	
465,	
486,	
518,	
528,	
494,	
551,	
487,	
450,	
347,	
562,	
496,	
634,	
515,	
433,	
554,	
491,	
320,	
376,	
486,	
464,	
504,	
532,	
725,	
438,	
486,	
470,	
522,	
465,	
473,	
474,	
638,	
428,	
561,	
537,	
713,	
526,	
507,	
485,	
488,	
508,	
484,	
504,	
462,	
487,	
521,	
538,	
499,	
538,	
516,	
719,	
505,	
452,	
474,	
594,	
481,	
629,	
554,	
578,	
466,	
714,	
444,	
507,	
372,	
459,	
455,	
468,	
483,	
514,	
575,	
536,	
556,	
697,	
522,	
511,	
494,	
482,	
453,	
331,	
325,	
356,	
571,	
505,	
517,	
513,	
516,	
507,	
493,	
470,	
437,	
495,	
524,	
448,	
523,	
322,	
320,	
493,	
610,	
516,	
674,	
493,	
450,	
484,	
446,	
581,	
460,	
501,	
3223,	
502,	
465,	
499,	
491,	
420,	
569,	
506,	
687,	
473,	
490,	
520,	
431,	
515,	
319,	
336,	
728,	
715,	
648,	
546,	
470,	
503,	
468,	
446,	
474,	
483,	
507,	
527,	
471,	
600,	
466,	
503,	
458,	
521,	
513,	
659,	
515,	
503,	
474,	
480,	
547,	
494,	
501,	
483,	
769,	
559,	
645,	
521,	
424,	
592,	
847,	
596,	
426,	
670,	
630,	
708,	
645,	
696,	
575,	
461,	
503,	
507,	
449,	
404,	
725,	
524,	
356,	
589,	
665,	
678,	
591,	
663,	
586,	
530,	
504,	
582,	
598,	
1875,	
562,	
459,	
460,	
529,	
503,	
561,	
510,	
462,	
494,	
413,	
523,	
460,	
323,	
534,	
666,	
626,	
509,	
695,	
503,	
474,	
487,	
443,	
499,	
492,	
514,	
534,	
502,	
469,	
507,	
484,	
655,	
596,	
591,	
749,	
502,	
505,	
500,	
571,	
528,	
512,	
481,	
557,	
605,	
547,	
569,	
462,	
519,	
493,	
497,	
507,	
436,	
608,	
331,	
321,	
484,	
481,	
671,	
584,	
549,	
527,	
470,	
538,	
572,	
520,	
486,	
723,	
632,	
529,	
548,	
504,	
713,	
745,	
600,	
485,	
600,	
582,	
619,	
518,	
523,	
663,	
517,	
516,	
535,	
478,	
482,	
677,	
3828,	
471,	
444,	
504,	
353,	
517,	
561,	
493,	
515,	
565,	
517,	
1570,	
569,	
469,	
476,	
518,	
598,	
544,	
520,	
582,	
521,	
625,	
497,	
489,	
482,	
522,	
554,	
517,	
510,	
662,	
506,	
443,	
590,	
510,	
511,	
660,	
522,	
547,	
579,	
513,	
709,	
575,	
497,	
497,	
556,	
561,	
654,	
569,	
592,	
670,	
531,	
501,	
487,	
419,	
456,	
728,	
532,	
521,	
507,	
497,	
558,	
532,	
567,	
451,	
507,	
509,	
522,	
487,	
446,	
645,	
557,	
455,	
478,	
504,	
472,	
496,	
499,	
708,	
663,	
545,	
709,	
531,	
507,	
593,	
506,	
516,	
725,	
545,	
519,	
876,	
532,	
516,	
468,	
406,	
468,	
408,	
502,	
469,	
433,	
499,	
457,	
416,	
481,	
547,	
589,	
710,	
528,	
497,	
490,	
456,	
326,	
418,	
593,	
685,	
534,	
530,	
463,	
470,	
492,	
432,	
472,	
517,	
411,	
480,	
510,	
543,	
467,	
507,	
548,	
565,	
548,	
447,	
514,	
511,	
505,	
490,	
453,	
415,	
628,	
593,	
1048,	
534,	
492,	
505,	
504,	
518,	
500,	
484,	
581,	
834,	
519,	
644,	
504,	
514,	
489,	
490,	
492,	
548,	
712,	
319,	
318,	
331,	
501,	
452,	
579,	
642,	
832,	
612,	
520,	
509,	
436,	
508,	
417,	
326,	
584,	
1529,	
476,	
482,	
501,	
474,	
537,	
464,	
521,	
516,	
481,	
512,	
520,	
536,	
520,	
1664,	
465,	
639,	
753,	
524,	
664,	
456,	
517,	
497,	
435,	
504,	
501,	
569,	
541,	
545,	
476,	
536,	
615,	
463,	
494,	
471,	
493,	
501,	
470,	
575,	
514,	
535,	
478,	
484,	
490,	
482,	
464,	
539,	
624,	
500,	
642,	
356,	
532,	
513,	
484,	
535,	
499,	
613,	
504,	
672,	
519,	
521,	
484,	
457,	
535,	
516,	
479,	
683,	
487,	
741,	
515,	
529,	
431,	
351,	
351,	
508,	
500,	
368,	
484,	
476,	
500,	
518,	
466,	
499,	
772,	
541,	
737,	
519,	
725,	
336,	
322,	
452,	
492,	
467,	
482,	
626,	
462,	
764,	
438,	
512,	
610,	
516,	
583,	
531,	
471,	
578,	
540,	
678,	
514,	
496,	
472,	
366,	
324,	
375,	
384,	
477,	
439,	
468,	
457,	
404,	
552,	
606,	
546,	
500,	
448,	
378,	
438,	
458,	
473,	
511,	
490,	
456,	
882,	
504,	
498,	
476,	
429,	
502,	
351,	
335,	
326,	
322,	
461,	
453,	
553,	
500,	
764,	
499,	
490,	
496,	
536,	
475,	
451,	
464,	
473,	
321,	
471,	
432,	
372,	
334,	
445,	
512,	
738,	
465,	
474,	
656,	
519,	
548,	
448,	
490,	
446,	
439,	
674,	
351,	
786,	
498,	
468,	
510,	
432,	
568,	
508,	
1569,	
343,	
501,	
441,	
513,	
497,	
506,	
555,	
478,	
458,	
406,	
468,	
561,	
514,	
506,	
528,	
431,	
483,	
458,	
663,	
358,	
563,	
418,	
338,	
318,	
466,	
457,	
475,	
372,	
318,	
323,	
313,	
426,	
493,	
465,	
449,	
421,	
524,	
510,	
685,	
535,	
526,	
511,	
507,	
455,	
468,	
449,	
323,	
574,	
521,	
447,	
468,	
527,	
482,	
564,	
327,	
318,	
539,	
418,	
560,	
493,	
664,	
346,	
338,	
503,	
556,	
430,	
464,	
449,	
528,	
366,	
324,	
480,	
491,	
473,	
462,	
473,	
561,	
527,	
340,	
444,	
330,	
358,	
476,	
502,	
500,	
598,	
503,	
331,	
310,	
513,	
573,	
543,	
448,	
498,	
316,	
316,	
537,	
539,	
544,	
324,	
339,	
463,	
574,	
574,	
593,	
607,	
645,	
850,	
504,	
510,	
506,	
471,	
512,	
314,	
483,	
755,	
9907,	
505,	
481,	
490,	
405,	
533,	
488,	
336,	
519,	
355,	
369,	
373,	
348,	
432,	
769,	
555,	
2094,	
427,	
543,	
587,	
356,	
363,	
795,	
874,	
566,	
527,	
497,	
528,	
607,	
654,	
539,	
471,	
497,	
521,	
474,	
495,	
495,	
486,	
548,	
685,	
509,	
509,	
479,	
489,	
638,	
517,	
691,	
523,	
433,	
478,	
371,	
516,	
488,	
505,	
536,	
481,	
521,	
497,	
354,	
494,	
495,	
534,	
495,	
493,	
682,	
440,	
504,	
482,	
496,	
494,	
487,	
537,	
518,	
584,	
457,	
495,	
420,	
474,	
510,	
617,	
716,	
758,	
544,	
328,	
462,	
467,	
480,	
472,	
510,	
623,	
515,	
764,	
673,	
604,	
320,	
508,	
463,	
413,	
504,	
540,	
558,	
529,	
636,	
530,	
542,	
1767,	
459,	
466,	
472,	
465,	
589,	
519,	
705,	
814,	
533,	
324,	
522,	
470,	
438,	
401,	
551,	
569,	
494,	
530,	
510,	
507,	
446,	
502,	
482,	
475,	
616,	
528,	
671,	
525,	
492,	
423,	
471,	
638,	
434,	
456,	
532,	
639,	
483,	
504,	
520,	
469,	
498,	
515,	
659,	
529,	
368,	
325,	
564,	
485,	
403,	
539,	
467,	
650,	
502,	
643,	
516,	
511,	
483,	
483,	
409,	
330,	
551,	
560,	
532,	
528,	
510,	
523,	
509,	
454,	
584,	
476,	
480,	
737,	
321,	
516,	
538,	
475,	
457,	
531,	
550,	
531,	
496,	
510,	
524,	
480,	
507,	
487,	
527,	
469,	
327,	
530,	
463,	
490,	
405,	
543,	
535,	
549,	
514,	
477,	
501,	
473,	
581,	
567,	
525,	
512,	
563,	
517,	
508,	
713,	
504,	
491,	
473,	
451,	
354,	
471,	
442,	
329,	
502,	
1578,	
467,	
501,	
498,	
432,	
502,	
512,	
704,	
600,	
400,	
355,	
314,	
523,	
483,	
488,	
421,	
674,	
503,	
769,	
526,	
517,	
448,	
494,	
407,	
913,	
510,	
352,	
342,	
691,	
511,	
545,	
446,	
531,	
588,	
553,	
492,	
469,	
496,	
484,	
459,	
487,	
504,	
506,	
477,	
500,	
453,	
504,	
531,	
530,	
541,	
484,	
587,	
521,	
516,	
398,	
485,	
577,	
512,	
658,	
757,	
523,	
817,	
523,	
396,	
488,	
499,	
511,	
511,	
330,	
510,	
522,	
472,	
439,	
459,	
539,	
616,	
638,	
475,	
740,	
595,	
552,	
835,	
830,	
509,	
505,	
462,	
490,	
506,	
472,	
516,	
566,	
517,	
579,	
454,	
526,	
815,	
500,	
481,	
505,	
508,	
557,	
588,	
565,	
516,	
634,	
523,	
457,	
505,	
454,	
404,	
326,	
322,	
333,	
478,	
469,	
465,	
507,	
755,	
509,	
591,	
527,	
803,	
528,	
495,	
501,	
330,	
338,	
472,	
456,	
529,	
490,	
514,	
592,	
458,	
496,	
529,	
505,	
1932,	
623,	
744,	
519,	
726,	
515,	
514,	
490,	
489,	
505,	
492,	
435,	
569,	
517,	
1517,	
478,	
399,	
508,	
602,	
848,	
542,	
798,	
520,	
498,	
489,	
440,	
341,	
472,	
442,	
486,	
411,	
402,	
491,	
479,	
545,	
524,	
534,	
505,	
648,	
516,	
539,	
506,	
1608,	
488,	
487,	
849,	
510,	
683,	
538,	
510,	
523,	
531,	
380,	
695,	
524,	
329,	
479,	
477,	
520,	
488,	
649,	
764,	
516,	
712,	
5596,	
489,	
501,	
485,	
582,	
567,	
532,	
521,	
982,	
350,	
1555,	
464,	
469,	
423,	
519,	
501,	
712,	
525,	
570,	
525,	
518,	
460,	
490,	
354,	
499,	
452,	
556,	
506,	
758,	
519,	
471,	
494,	
513,	
471,	
496,	
444,	
428,	
458,	
496,	
688,	
670,	
618,	
366,	
364,	
456,	
450,	
485,	
444,	
543,	
535,	
646,	
518,	
651,	
536,	
496,	
525,	
514,	
534,	
525,	
636,	
588,	
529,	
484,	
505,	
547,	
479,	
446,	
400,	
367,	
377,	
328,	
491,	
479,	
439,	
573,	
621,	
675,	
530,	
635,	
511,	
500,	
477,	
542,	
563,	
532,	
510,	
515,	
483,	
510,	
508,	
355,	
503,	
473,	
474,	
533,	
535,	
1797,	
371,	
468,	
549,	
584,	
535,	
513,	
482,	
498,	
483,	
470,	
891,	
319,	
490,	
586,	
425,	
504,	
420,	
497,	
571,	
585,	
792,	
521,	
746,	
516,	
457,	
343,	
512,	
551,	
478,	
626,	
532,	
543,	
499,	
494,	
513,	
519,	
423,	
528,	
348,	
516,	
1585,	
465,	
497,	
486,	
535,	
554,	
663,	
642,	
524,	
708,	
506,	
558,	
510,	
1595,	
513,	
550,	
486,	
718,	
516,	
500,	
514,	
512,	
377,	
326,	
323,	
389,	
557,	
578,	
517,	
472,	
525,	
537,	
480,	
586,	
506,	
494,	
547,	
545,	
683,	
532,	
518,	
434,	
497,	
348,	
500,	
466,	
470,	
493,	
477,	
494,	
539,	
494,	
474,	
876,	
659,	
853,	
494,	
620,	
519,	
495,	
489,	
474,	
521,	
582,	
545,	
534,	
514,	
535,	
485,	
465,	
398,	
500,	
491,	
1571,	
481,	
480,	
501,	
495,	
499,	
799,	
456,	
679,	
525,	
526,	
480,	
694,	
511,	
541,	
530,	
572,	
574,	
531,	
513,	
503,	
502,	
485,	
636,	
473,	
490,	
530,	
473,	
449,	
518,	
487,	
491,	
506,	
534,	
490,	
766,	
452,	
399,	
568,	
455,	
489,	
468,	
510,	
635,	
483,	
675,	
510,	
376,	
325,	
472,	
495,	
491,	
477,	
500,	
640,	
549,	
611,	
533,	
563,	
468,	
478,	
348,	
331,	
466,	
491,	
561,	
586,	
649,	
518,	
471,	
479,	
504,	
472,	
401,	
516,	
476,	
515,	
499,	
1490,	
498,	
475,	
508,	
596,	
480,	
515,	
528,	
571,	
474,	
470,	
502,	
536,	
325,	
316,	
489,	
381,	
468,	
478,	
417,	
797,	
524,	
680,	
545,	
525,	
478,	
432,	
540,	
499,	
550,	
599,	
571,	
504,	
587,	
517,	
459,	
500,	
499,	
562,	
473,	
484,	
393,	
323,	
507,	
492,	
506,	
480,	
633,	
550,	
754,	
524,	
516,	
432,	
504,	
470,	
488,	
511,	
498,	
514,	
494,	
521,	
478,	
517,	
500,	
450,	
452,	
452,	
449,	
487,	
556,	
439,	
531,	
506,	
504,	
538,	
517,	
720,	
406,	
474,	
496,	
423,	
400,	
493,	
528,	
504,	
519,	
523,	
403,	
535,	
482,	
572,	
533,	
812,	
519,	
489,	
515,	
474,	
492,	
345,	
504,	
581,	
533,	
644,	
446,	
486,	
485,	
463,	
617,	
522,	
488,	
609,	
557,	
536,	
642,	
528,	
530,	
468,	
460,	
468,	
432,	
486,	
699,	
528,	
472,	
483,	
485,	
509,	
656,	
511,	
617,	
515,	
525,	
501,	
506,	
484,	
457,	
491,	
520,	
544,	
543,	
648,	
626,	
485,	
731,	
353,	
437,	
482,	
1844,	
532,	
566,	
528,	
509,	
526,	
510,	
358,	
492,	
473,	
478,	
487,	
740,	
474,	
499,	
491,	
468,	
520,	
532,	
519,	
451,	
525,	
453,	
1915,	
484,	
504,	
514,	
612,	
590,	
582,	
513,	
564,	
360,	
461,	
502,	
520,	
526,	
532,	
599,	
521,	
674,	
500,	
505,	
490,	
502,	
447,	
442,	
535,	
505,	
406,	
325,	
463,	
472,	
500,	
515,	
527,	
652,	
509,	
508,	
500,	
420,	
430,	
355,	
388,	
481,	
490,	
499,	
478,	
467,	
448,	
541,	
561,	
512,	
558,	
515,	
501,	
405,	
536,	
626,	
486,	
685,	
525,	
833,	
520,	
499,	
553,	
511,	
479,	
476,	
468,	
525,	
540,	
336,	
511,	
509,	
487,	
531,	
560,	
560,	
489,	
448,	
539,	
508,	
470,	
425,	
493,	
543,	
550,	
525,	
732,	
523,	
499,	
505,	
498,	
448,	
496,	
500,	
487,	
538,	
517,	
1727,	
571,	
472,	
348,	
557,	
655,	
718,	
516,	
422,	
477,	
479,	
504,	
470,	
486,	
530,	
561,	
512,	
543,	
435,	
507,	
349,	
498,	
465,	
526,	
478,	
730,	
557,	
539,	
461,	
521,	
513,	
497,	
447,	
515,	
458,	
419,	
427,	
487,	
539,	
420,	
515,	
622,	
520,	
614,	
498,	
542,	
461,	
476,	
496,	
481,	
354,	
337,	
319,	
322,	
567,	
528,	
463,	
458,	
361,	
520,	
512,	
663,	
529,	
518,	
478,	
509,	
600,	
519,	
503,	
754,	
496,	
710,	
612,	
558,	
503,	
587,	
488,	
485,	
487,	
439,	
488,	
570,	
507,	
478,	
488,	
497,	
434,	
626,	
529,	
526,	
499,	
465,	
501,	
476,	
512,	
617,	
574,	
558,	
508,	
521,	
514,	
491,	
469,	
457,	
501,	
485,	
420,	
525,	
488,	
478,	
539,	
414,	
563,	
517,	
639,	
522,	
425,	
487,	
473,	
685,	
539,	
533,	
580,	
695,	
457,	
415,	
518,	
557,	
535,	
510,	
550,	
509,	
516,	
411,	
489,	
494,	
539,	
501,	
417,	
454,	
477,	
474,	
709,	
744,	
520,	
707,	
453,	
511,	
552,	
527,	
1514,	
375,	
570,	
670,	
532,	
639,	
529,	
497,	
489,	
466,	
496,	
724,	
511,	
518,	
501,	
476,	
491,	
490,	
617,	
638,	
514,	
792,	
522,	
439,	
492,	
641,	
509,	
512,	
491,	
560,	
641,	
548,	
624,	
528,	
520,	
487,	
500,	
537,	
476,	
535,	
326,	
586,	
507,	
501,	
673,	
469,	
501,	
685,	
584,	
524,	
557,	
590,	
463,	
566,	
690,	
526,	
665,	
518,	
498,	
499,	
499,	
494,	
599,	
372,	
518,	
570,	
499,	
501,	
516,	
547,	
647,	
577,	
472,	
530,	
522,	
480,	
499,	
475,	
544,	
529,	
524,	
638,	
621,	
504,	
445,	
506,	
510,	
326,	
320,	
567,	
660,	
594,	
515,	
682,	
518,	
495,	
493,	
527,	
487,	
521,	
539,	
550,	
707,	
531,	
803,	
514,	
510,	
501,	
498,	
454,	
579,	
328,	
333,	
519,	
473,	
517,	
622,	
568,	
525,	
826,	
483,	
509,	
510,	
503,	
587,	
562,	
564,	
907,	
720,	
486,	
742,	
513,	
506,	
412,	
417,	
506,	
496,	
540,	
322,	
320,	
529,	
578,	
596,	
511,	
436,	
1034,	
511,	
542,	
511,	
450,	
496,	
571,	
489,	
504,	
485,	
480,	
490,	
584,	
488,	
628,	
518,	
750,	
515,	
472,	
449,	
367,	
321,	
328,	
474,	
565,	
552,	
640,	
557,	
777,	
525,	
834,	
322,	
532,	
621,	
481,	
703,	
639,	
523,	
654,	
520,	
528,	
477,	
508,	
510,	
470,	
495,	
494,	
543,	
511,	
563,	
551,	
520,	
514,	
699,	
524,	
430,	
363,	
590,	
506,	
516,	
510,	
559,	
505,	
511,	
575,	
520,	
516,	
1523,	
473,	
553,	
398,	
484,	
520,	
794,	
522,	
409,	
334,	
322,	
455,	
501,	
676,	
662,	
732,	
601,	
519,	
437,	
507,	
492,	
484,	
341,	
605,	
1652,	
441,	
493,	
505,	
470,	
717,	
569,	
480,	
699,	
527,	
530,	
456,	
496,	
325,	
554,	
533,	
530,	
521,	
504,	
479,	
519,	
512,	
508,	
517,	
490,	
443,	
494,	
504,	
472,	
505,	
497,	
567,	
543,	
542,	
530,	
516,	
599,	
547,	
711,	
500,	
495,	
455,	
467,	
683,	
584,	
522,	
858,	
642,	
584,	
454,	
473,	
559,	
327,	
515,	
535,	
472,	
530,	
763,	
659,	
534,	
708,	
594,	
571,	
476,	
487,	
577,	
342,	
325,	
673,	
576,	
554,	
499,	
509,	
507,	
508,	
590,	
490,	
433,	
475,	
324,	
514,	
532,	
645,	
491,	
506,	
506,	
502,	
360,	
497,	
436,	
512,	
467,	
399,	
327,	
325,	
626,	
466,	
469,	
505,	
555,	
536,	
877,	
536,	
483,	
405,	
471,	
708,	
505,	
499,	
494,	
482,	
666,	
513,	
662,	
534,	
452,	
486,	
479,	
489,	
483,	
379,	
508,	
319,	
336,	
482,	
457,	
653,	
521,	
731,	
517,	
554,	
429,	
480,	
358,	
497,	
577,	
511,	
492,	
500,	
503,	
506,	
495,	
682,	
591,	
750,	
485,	
513,	
489,	
453,	
560,	
331,	
320,	
538,	
595,	
522,	
823,	
454,	
507,	
460,	
485,	
471,	
471,	
487,	
441,	
706,	
515,	
501,	
495,	
536,	
550,	
557,	
538,	
538,	
521,	
437,	
506,	
487,	
478,	
540,	
519,	
332,	
508,	
634,	
453,	
604,	
572,	
497,	
497,	
363,	
496,	
505,	
522,	
729,	
515,	
506,	
539,	
738,	
511,	
693,	
573,	
500,	
431,	
369,	
476,	
509,	
495,	
352,	
413,	
475,	
752,	
590,	
421,	
620,	
548,	
521,	
646,	
539,	
512,	
479,	
451,	
470,	
482,	
474,	
592,	
476,	
568,	
569,	
473,	
628,	
662,	
504,	
472,	
477,	
461,	
1604,	
493,	
704,	
504,	
669,	
531,	
506,	
423,	
499,	
463,	
514,	
481,	
347,	
327,	
1594,	
473,	
478,	
612,	
459,	
671,	
450,	
513,	
494,	
497,	
483,	
485,	
595,	
505,	
504,	
643,	
607,	
429,	
613,	
493,	
550,	
421,	
496,	
494,	
370,	
510,	
514,	
528,	
1618,	
574,	
530,	
785,	
503,	
512,	
500,	
489,	
404,	
320,	
325,	
364,	
535,	
570,	
525,	
483,	
527,	
537,	
478,	
498,	
420,	
499,	
545,	
570,	
468,	
576,	
466,	
438,	
467,	
536,	
498,	
676,	
513,	
468,	
482,	
483,	
556,	
558,	
330,	
499,	
528,	
443,	
590,	
520,	
721,	
517,	
491,	
491,	
470,	
536,	
459,	
700,	
511,	
357,	
490,	
482,	
525,	
530,	
548,	
495,	
517,	
556,	
470,	
495,	
358,	
496,	
494,	
323,	
584,	
410,	
588,	
524,	
657,	
526,	
521,	
474,	
457,	
547,	
482,	
516,	
789,	
507,	
854,	
505,	
524,	
519,	
473,	
515,	
537,	
529,	
564,	
693,	
770,	
443,	
569,	
522,	
756,	
727,	
570,	
723,	
565,	
709,	
527,	
545,	
510,	
462,	
480,	
434,	
508,	
504,	
475,	
498,	
616,	
513,	
719,	
531,	
454,	
479,	
372,	
497,	
516,	
499,	
477,	
580,	
379,	
1593,	
456,	
407,	
535,	
618,	
460,	
561,	
522,	
522,	
419,	
473,	
530,	
502,	
500,	
608,	
537,	
545,	
507,	
661,	
561,	
521,	
545,	
499,	
549,	
469,	
478,	
592,	
709,	
494,	
698,	
595,	
509,	
738,	
496,	
573,	
488,	
391,	
433,	
525,	
679,	
528,	
482,	
539,	
656,	
522,	
632,	
560,	
550,	
486,	
566,	
371,	
534,	
591,	
645,	
519,	
714,	
405,	
436,	
508,	
504,	
554,	
545,	
494,	
449,	
406,	
589,	
551,	
640,	
521,	
761,	
531,	
441,	
475,	
526,	
487,	
500,	
493,	
388,	
570,	
503,	
367,	
489,	
501,	
485,	
662,	
464,	
666,	
562,	
545,	
466,	
489,	
472,	
573,	
420,	
436,	
513,	
434,	
505,	
524,	
487,	
480,	
516,	
497,	
455,	
444,	
327,	
532,	
466,	
492,	
498,	
725,	
527,	
496,	
525,	
474,	
455,	
561,	
350,	
520,	
337,	
360,	
467,	
551,	
448,	
644,	
525,	
447,	
445,	
494,	
522,	
486,	
616,	
538,	
500,	
561,	
445,	
540,	
482,	
510,	
460,	
725,	
529,	
503,	
476,	
420,	
515,	
593,	
485,	
549,	
482,	
471,	
555,	
554,	
436,	
550,	
515,	
551,	
404,	
511,	
499,	
466,	
526,	
628,	
1504,	
502,	
647,	
523,	
659,	
516,	
491,	
505,	
446,	
360,	
520,	
488,	
782,	
517,	
528,	
563,	
476,	
449,	
518,	
558,	
667,	
596,	
557,	
578,	
673,	
508,	
489,	
558,	
465,	
540,	
440,	
746,	
462,	
478,	
509,	
422,	
709,	
607,	
486,	
525,	
684,	
659,	
450,	
742,	
527,	
495,	
340,	
378,	
1754,	
543,	
575,	
409,	
580,	
532,	
707,	
459,	
526,	
464,	
509,	
427,	
573,	
591,	
366,	
592,	
791,	
806,	
739,	
555,	
513,	
486,	
453,	
399,	
340,	
343,	
337,	
346,	
522,	
506,	
526,	
471,	
653,	
520,	
461,	
506,	
451,	
498,	
434,	
392,	
334,	
522,	
599,	
504,	
524,	
807,	
615,	
505,	
710,	
443,	
367,	
533,	
1593,	
501,	
506,	
647,	
710,	
531,	
867,	
509,	
449,	
452,	
503,	
582,	
329,	
496,	
573,	
493,	
685,	
744,	
522,	
613,	
453,	
494,	
573,	
525,	
642,	
598,	
761,	
496,	
590,	
689,	
466,	
505,	
524,	
495,	
693,	
500,	
530,	
593,	
594,	
540,	
490,	
629,	
540,	
528,	
513,	
346,	
498,	
506,	
490,	
490,	
663,	
536,	
548,	
539,	
735,	
511,	
470,	
472,	
429,	
488,	
452,	
517,	
521,	
511,	
486,	
670,	
682,	
737,	
508,	
715,	
434,	
376,	
653,	
528,	
485,	
460,	
752,	
711,	
484,	
656,	
465,	
457,	
451,	
718,	
525,	
545,	
808,	
415,	
637,	
567,	
653,	
491,	
489,	
532,	
505,	
474,	
521,	
518,	
507,	
440,	
476,	
595,	
784,	
532,	
842,	
525,	
623,	
460,	
423,	
518,	
375,	
470,	
1638,	
454,	
560,	
664,	
739,	
446,	
651,	
526,	
513,	
528,	
511,	
583,	
338,	
325,	
504,	
579,	
688,	
702,	
511,	
755,	
455,	
527,	
434,	
553,	
1759,	
570,	
600,	
502,	
544,	
684,	
446,	
481,	
472,	
500,	
596,	
547,	
524,	
568,	
448,	
845,	
483,	
456,	
333,	
527,	
1519,	
647,	
644,	
547,	
496,	
588,	
509,	
548,	
501,	
490,	
686,	
555,	
661,	
542,	
549,	
675,	
523,	
483,	
538,	
500,	
479,	
436,	
543,	
608,	
546,	
572,	
530,	
632,	
519,	
506,	
465,	
520,	
515,	
1580,	
485,	
501,	
708,	
734,	
532,	
740,	
605,	
495,	
498,	
486,	
684,	
508,	
636,	
528,	
609,	
627,	
739,	
502,	
649,	
568,	
513,	
521,	
502,	
489,	
489,	
473,	
553,	
530,	
537,	
506,	
630,	
484,	
516,	
502,	
512,	
1566,	
577,	
531,	
592,	
490,	
667,	
450,	
526,	
399,	
329,	
685,	
614,	
516,	
549,	
570,	
511,	
507,	
480,	
486,	
480,	
497,	
699,	
317,	
371,	
540,	
587,	
711,	
503,	
507,	
534,	
516,	
498,	
523,	
437,	
480,	
454,	
502,	
570,	
535,	
517,	
543,	
716,	
496,	
898,	
668,	
510,	
462,	
406,	
597,	
468,	
343,	
490,	
493,	
639,	
512,	
694,	
541,	
513,	
520,	
440,	
491,	
422,	
726,	
338,	
319,	
328,	
414,	
470,	
534,	
516,	
705,	
533,	
461,	
481,	
503,	
444,	
454,	
558,	
519,	
321,	
528,	
552,	
444,	
725,	
527,	
552,	
502,	
465,	
532,	
526,	
490,	
596,	
446,	
983,	
580,	
509,	
488,	
435,	
500,	
499,	
479,	
578,	
641,	
482,	
365,	
659,	
584,	
920,	
553,	
534,	
481,	
482,	
514,	
503,	
495,	
493,	
382,	
407,	
598,	
602,	
627,	
565,	
855,	
505,	
610,	
515,	
587,	
544,	
515,	
514,	
613,	
475,	
746,	
461,	
478,	
529,	
393,	
529,	
479,	
516,	
540,	
571,	
422,	
525,	
468,	
545,	
451,	
465,	
579,	
678,	
487,	
502,	
469,	
504,	
564,	
521,	
739,	
522,	
537,	
485,	
484,	
479,	
418,	
405,	
611,	
500,	
492,	
495,	
532,	
518,	
645,	
513,	
538,	
491,	
488,	
482,	
545,	
720,	
550,	
506,	
509,	
475,	
481,	
490,	
696,	
504,	
841,	
560,	
518,	
453,	
509,	
544,	
489,	
1500,	
659,	
502,	
762,	
589,	
530,	
482,	
495,	
405,	
511,	
513,	
521,	
535,	
516,	
516,	
596,	
523,	
552,	
543,	
466,	
468,	
499,	
705,	
356,	
1622,	
519,	
518,	
573,	
627,	
522,	
533,	
489,	
490,	
361,	
442,	
497,	
404,	
499,	
671,	
468,	
605,	
538,	
596,	
521,	
508,	
507,	
431,	
469,	
426,	
542,	
513,	
521,	
593,	
545,	
658,	
525,	
525,	
462,	
495,	
515,	
448,	
477,	
468,	
359,	
669,	
335,	
513,	
549,	
508,	
426,	
544,	
543,	
488,	
558,	
799,	
577,	
563,	
474,	
446,	
534,	
651,	
505,	
510,	
497,	
463,	
505,	
476,	
470,	
520,	
546,	
1141,	
437,	
523,	
489,	
626,	
528,	
559,	
520,	
709,	
534,	
506,	
491,	
575,	
531,	
608,	
515,	
503,	
467,	
469,	
496,	
333,	
359,	
489,	
613,	
519,	
686,	
538,	
519,	
489,	
454,	
507,	
441,	
502,	
472,	
584,	
532,	
586,	
446,	
454,	
489,	
739,	
518,	
319,	
613,	
537,	
530,	
445,	
545,	
551,	
563,	
509,	
453,	
432,	
474,	
451,	
505,	
372,	
591,	
429,	
537,	
574,	
514,	
579,	
526,	
488,	
470,	
453,	
455,	
575,	
733,	
460,	
502,	
485,	
474,	
406,	
524,	
700,	
458,	
715,	
410,	
510,	
489,	
384,	
543,	
511,	
613,	
645,	
541,	
615,	
495,	
480,	
511,	
521,	
470,	
353,	
510,	
444,	
339,	
526,	
1523,	
503,	
480,	
463,	
564,	
562,	
599,	
537,	
563,	
512,	
457,	
538,	
399,	
321,	
509,	
531,	
569,	
518,	
565,	
536,	
477,	
530,	
489,	
535,	
416,	
479,	
550,	
507,	
532,	
523,	
561,	
480,	
618,	
523,	
519,	
517,	
433,	
500,	
481,	
523,	
509,	
472,	
479,	
569,	
507,	
675,	
477,	
492,	
467,	
451,	
499,	
416,	
475,	
550,	
1565,	
452,	
601,	
570,	
451,	
572,	
534,	
501,	
355,	
469,	
558,	
465,	
382,	
394,	
569,	
559,	
409,	
405,	
438,	
653,	
526,	
937,	
521,	
523,	
425,	
511,	
531,	
342,	
325,	
435,	
541,	
531,	
686,	
518,	
798,	
540,	
483,	
510,	
492,	
480,	
533,	
329,	
502,	
376,	
466,	
591,	
550,	
502,	
617,	
517,	
477,	
515,	
476,	
401,	
349,	
595,	
587,	
423,	
575,	
526,	
677,	
521,	
525,	
479,	
477,	
367,	
531,	
540,	
337,	
469,	
536,	
479,	
523,	
666,	
527,	
869,	
505,	
483,	
417,	
458,	
506,	
477,	
581,	
545,	
519,	
591,	
546,	
645,	
508,	
510,	
502,	
585,	
495,	
506,	
503,	
519,	
362,	
328,	
369,	
539,	
566,	
680,	
773,	
499,	
489,	
529,	
479,	
490,	
468,	
360,	
470,	
338,	
485,	
441,	
506,	
557,	
476,	
731,	
515,	
681,	
481,	
796,	
539,	
539,	
499,	
483,	
522,	
676,	
481,	
884,	
484,	
432,	
483,	
496,	
603,	
541,	
325,	
516,	
462,	
720,	
596,	
792,	
523,	
430,	
497,	
486,	
479,	
513,	
511,	
637,	
564,	
496,	
473,	
805,	
561,	
465,	
567,	
502,	
504,	
508,	
436,	
504,	
422,	
340,	
325,	
1667,	
794,	
437,	
468,	
602,	
490,	
509,	
502,	
523,	
506,	
523,	
364,	
518,	
334,	
1615,	
664,	
523,	
610,	
445,	
514,	
493,	
472,	
478,	
345,	
513,	
464,	
450,	
327,	
326,	
758,	
493,	
502,	
494,	
521,	
473,	
587,	
418,	
518,	
452,	
498,	
490,	
420,	
499,	
620,	
548,	
615,	
509,	
673,	
449,	
587,	
475,	
488,	
489,	
420,	
478,	
550,	
540,	
660,	
468,	
509,	
439,	
479,	
439,	
473,	
476,	
732,	
350,	
464,	
1796,	
435,	
748,	
525,	
790,	
489,	
526,	
456,	
496,	
479,	
460,	
446,	
368,	
531,	
877,	
478,	
502,	
518,	
535,	
588,	
547,	
555,	
572,	
539,	
325,	
681,	
541,	
479,	
547,	
559,	
491,	
516,	
612,	
553,	
553,	
450,	
478,	
476,	
723,	
746,	
601,	
694,	
449,	
527,	
489,	
525,	
326,	
430,	
511,	
561,	
499,	
478,	
514,	
513,	
474,	
425,	
422,	
387,	
532,	
506,	
500,	
632,	
548,	
462,	
565,	
672,	
509,	
544,	
483,	
462,	
349,	
492,	
507,	
490,	
625,	
667,	
470,	
562,	
471,	
580,	
517,	
691,	
436,	
500,	
465,	
563,	
515,	
667,	
855,	
596,	
655,	
470,	
496,	
497,	
511,	
473,	
533,	
716,	
331,	
331,	
824,	
497,	
508,	
558,	
531,	
555,	
481,	
667,	
446,	
522,	
496,	
520,	
510,	
516,	
571,	
507,	
513,	
494,	
495,	
489,	
481,	
558,	
536,	
754,	
513,	
499,	
334,	
322,	
1565,	
534,	
601,	
591,	
541,	
687,	
452,	
512,	
378,	
319,	
1597,	
512,	
711,	
804,	
536,	
677,	
526,	
524,	
491,	
460,	
1614,	
513,	
681,	
689,	
507,	
709,	
528,	
396,	
524,	
435,	
458,	
448,	
337,	
325,	
397,	
485,	
465,	
474,	
533,	
612,	
553,	
491,	
667,	
497,	
522,	
522,	
547,	
524,	
511,	
570,	
623,	
655,	
521,	
677,	
530,	
463,	
513,	
544,	
476,	
549,	
528,	
495,	
595,	
552,	
788,	
627,	
446,	
944,	
540,	
833,	
357,	
326,	
512,	
379,	
570,	
518,	
745,	
500,	
891,	
529,	
370,	
503,	
420,	
473,	
631,	
331,	
356,	
518,	
395,	
472,	
433,	
528,	
719,	
579,	
470,	
387,	
423,	
355,	
496,	
433,	
484,	
564,	
639,	
635,	
500,	
666,	
534,	
1820,	
519,	
464,	
676,	
478,	
513,	
524,	
620,	
508,	
455,	
466,	
602,	
496,	
487,	
505,	
401,	
478,	
570,	
457,	
678,	
877,	
523,	
706,	
502,	
520,	
512,	
325,	
334,	
501,	
608,	
593,	
516,	
517,	
625,	
521,	
473,	
420,	
495,	
422,	
531,	
507,	
563,	
513,	
408,	
486,	
601,	
523,	
501,	
515,	
485,	
505,	
586,	
693,	
405,	
335,	
569,	
688,	
603,	
503,	
617,	
489,	
519,	
469,	
506,	
523,	
554,	
632,	
484,	
548,	
408,	
487,	
517,	
689,	
745,	
526,	
707,	
520,	
505,	
495,	
440,	
338,	
468,	
596,	
567,	
584,	
452,	
586,	
459,	
514,	
399,	
507,	
537,	
499,	
492,	
433,	
482,	
484,	
535,	
601,	
524,	
432,	
642,	
524,	
679,	
327,	
508,	
509,	
578,	
689,	
760,	
446,	
741,	
489,	
632,	
457,	
355,	
346,	
383,	
518,	
465,	
503,	
418,	
414,	
469,	
522,	
536,	
504,	
501,	
648,	
610,	
505,	
482,	
336,	
571,	
602,	
534,	
612,	
462,	
489,	
463,	
494,	
660,	
341,	
327,	
408,	
530,	
524,	
652,	
476,	
439,	
520,	
444,	
618,	
574,	
443,	
700,	
539,	
524,	
477,	
502,	
560,	
578,	
522,	
529,	
498,	
482,	
463,	
457,	
506,	
506,	
321,	
380,	
769,	
557,	
720,	
553,	
683,	
753,	
489,	
485,	
499,	
513,	
447,	
522,	
589,	
500,	
562,	
513,	
523,	
426,	
441,	
528,	
493,	
479,	
510,	
400,	
670,	
564,	
559,	
598,	
397,	
441,	
815,	
618,	
692,	
658,	
563,	
450,	
425,	
628,	
744,	
493,	
979,	
713,	
494,	
1170,	
495,	
480,	
474,	
448,	
500,	
542,	
454,	
358,	
504,	
525,	
500,	
489,	
632,	
582,	
899,	
499,	
498,	
474,	
412,	
519,	
557,	
512,	
496,	
406,	
500,	
496,	
497,	
508,	
579,	
600,	
515,	
576,	
357,	
626,	
494,	
486,	
430,	
504,	
361,	
706,	
516,	
856,	
539,	
361,	
630,	
448,	
449,	
502,	
561,	
573,	
546,	
901,	
545,	
496,	
521,	
462,	
495,	
333,	
353,	
496,	
710,	
516,	
629,	
502,	
449,	
486,	
470,	
497,	
459,	
512,	
483,	
531,	
334,	
564,	
501,	
451,	
499,	
580,	
501,	
649,	
502,	
562,	
585,	
588,	
486,	
658,	
601,	
587,	
479,	
550,	
514,	
539,	
507,	
495,	
524,	
337,	
1472,	
814,	
547,	
834,	
499,	
488,	
494,	
470,	
500,	
505,	
436,	
470,	
653,	
511,	
1562,	
533,	
455,	
671,	
484,	
560,	
523,	
495,	
499,	
440,	
499,	
465,	
529,	
495,	
331,	
538,	
507,	
484,	
508,	
495,	
658,	
515,	
644,	
679,	
384,	
504,	
481,	
471,	
446,	
483,	
570,	
500,	
468,	
515,	
477,	
491,	
421,	
597,	
491,	
497,	
466,	
591,	
497,	
630,	
563,	
493,	
490,	
498,	
466,	
472,	
467,	
533,	
524,	
545,	
507,	
437,	
481,	
542,	
530,	
506,	
625,	
475,	
510,	
424,	
520,	
398,	
508,	
1834,	
682,	
440,	
622,	
438,	
529,	
474,	
465,	
489,	
502,	
491,	
467,	
766,	
506,	
333,	
608,	
494,	
520,	
591,	
408,	
482,	
548,	
545,	
453,	
398,	
428,	
428,	
529,	
514,	
506,	
435,	
484,	
456,	
535,	
834,	
767,	
524,	
444,	
510,	
370,	
705,	
511,	
475,	
527,	
498,	
525,	
731,	
517,	
554,	
492,	
463,	
464,	
470,	
538,	
476,	
486,	
510,	
477,	
482,	
455,	
431,	
436,	
537,	
651,	
505,	
578,	
467,	
467,	
395,	
509,	
1932,	
618,	
448,	
791,	
529,	
643,	
504,	
423,	
395,	
436,	
492,	
376,	
488,	
349,	
505,	
482,	
484,	
487,	
540,	
531,	
522,	
472,	
475,	
505,	
498,	
530,	
494,	
456,	
481,	
502,	
762,	
428,	
441,	
561,	
538,	
738,	
365,	
385,	
487,	
503,	
359,	
405,	
526,	
421,	
559,	
532,	
733,	
511,	
547,	
513,	
4711,	
504,	
466,	
591,	
516,	
498,	
489,	
468,	
507,	
403,	
428,	
503,	
538,	
530,	
1694,	
458,	
447,	
477,	
538,	
512,	
632,	
635,	
526,	
531,	
469,	
472,	
604,	
500,	
1529,	
718,	
477,	
750,	
536,	
509,	
491,	
508,	
482,	
473,	
517,	
513,	
519,	
343,	
331,	
482,	
825,	
554,	
496,	
514,	
667,	
501,	
435,	
481,	
434,	
490,	
404,	
337,	
508,	
469,	
476,	
479,	
505,	
535,	
585,	
520,	
568,	
568,	
550,	
438,	
542,	
329,	
1323,	
491,	
495,	
664,	
531,	
493,	
448,	
546,	
470,	
453,	
481,	
507,	
519,	
480,	
645,	
478,	
479,	
494,	
468,	
709,	
493,	
704,	
510,	
495,	
495,	
345,	
570,	
507,	
499,	
403,	
534,	
531,	
547,	
431,	
591,	
502,	
485,	
399,	
448,	
538,	
767,	
558,	
548,	
497,	
498,	
564,	
558,	
521,	
482,	
530,	
524,	
453,	
402,	
506,	
495,	
480,	
552,	
398,	
481,	
474,	
431,	
513,	
457,	
540,	
551,	
520,	
563,	
544,	
514,	
440,	
463,	
480,	
583,	
519,	
956,	
514,	
520,	
525,	
477,	
500,	
441,	
505,	
482,	
507,	
494,	
523,	
523,	
484,	
719,	
489,	
835,	
575,	
407,	
519,	
515,	
442,	
485,	
471,	
712,	
524,	
824,	
478,	
820,	
501,	
364,	
497,	
509,	
429,	
478,	
512,	
526,	
662,	
499,	
521,	
522,	
506,	
454,	
336,	
336,	
495,	
470,	
419,	
423,	
509,	
466,	
410,	
628,	
537,	
659,	
740,	
547,	
533,	
522,	
1665,	
478,	
501,	
527,	
485,	
719,	
516,	
523,	
432,	
478,	
504,	
444,	
605,	
496,	
591,	
541,	
476,	
483,	
478,	
391,	
609,	
468,	
725,	
528,	
433,	
479,	
533,	
343,	
452,	
504,	
548,	
641,	
517,	
519,	
555,	
554,	
474,	
486,	
533,	
549,	
379,	
320,	
328,	
629,	
479,	
477,	
458,	
569,	
536,	
526,	
627,	
647,	
415,	
684,	
533,	
436,	
478,	
565,	
506,	
538,	
684,	
521,	
535,	
491,	
509,	
558,	
540,	
497,	
421,	
464,	
460,	
434,	
411,	
545,	
544,	
546,	
501,	
462,	
524,	
517,	
482,	
436,	
532,	
604,	
555,	
527,	
749,	
470,	
522,	
344,	
482,	
485,	
526,	
637,	
699,	
626,	
644,	
473,	
554,	
